duty cycle,x_mag_raw,y_mag_raw,z_mag_raw,x_mag_corr,y_mag_corr,z_mag_corr
0.0,-0.0013045741685604028,0.006866231144410387,0.0021717120914554605,0.001412364632224541,0.001094454499957511,0.0011185763572377147
0.00125,-0.00194857441568126,0.006866231144410387,0.002079712322244645,0.0002265042408376985,4.658612903223752e-05,-0.00018649005988018164
0.0025,-0.0023165744238470964,0.006682231605988756,0.00235571535516739,-3.649052356020661e-05,-0.0002234783870968017,0.00011430035928149812
0.00375,-0.0015805744075154237,0.006866231144410387,0.0021717120914554605,0.00048160468490188006,4.032425417246563e-05,-8.409035372305973e-05
0.005,-0.0015805744075154237,0.006866231144410387,0.0021717120914554605,0.00048160468490188006,4.032425417246563e-05,-8.409035372305973e-05
0.00625,-0.0012125743993495874,0.006774231375199571,0.002815714201221467,0.0007407316097226375,-9.784784757154233e-05,0.0006187367306798308
0.0075,-0.0009365741603945665,0.007142231383365408,0.0024477151243782053,0.0009304008457664218,0.0004359836842407379,0.00021947763946587873
0.00875,-0.0012125743993495874,0.007142231383365408,0.002079712322244645,0.0007294458558695458,0.00043282602864965283,-0.00018076424683682174
0.01,-0.001488574172643321,0.006866231144410387,0.002263711860666276,0.0005285439178943992,2.4565660187866878e-05,2.0517762246818894e-05
0.01125,-0.0015805744075154237,0.006958230913621202,0.0025397148935890207,0.00045919245587508093,0.0001564283876640364,0.0003220062912695429
0.0125,-0.0013965744034325055,0.007050231614154592,0.002079712322244645,0.0005871401957327172,0.00028828517527457187,-0.00017866992561663825
0.01375,-0.0013965744034325055,0.007050231614154592,0.002079712322244645,0.0005836437257846932,0.0002851037696867606,-0.0001780857482739373
0.015,-0.000844574391183751,0.006958230913621202,0.002631714662799836,0.000978135872381553,0.00015007151162223925,0.0004234950900494222
0.01625,-0.0026845744320129327,0.006682231605988756,0.002815714201221467,-0.0003436712276809837,-0.0002614058862395012,0.0006250194473074733
0.0175,-0.0026845744320129327,0.006682231605988756,0.002815714201221467,-0.00034700796022007607,-0.0002646051043198802,0.0006254326664197479
0.01875,-0.0026845744320129327,0.006682231605988756,0.002815714201221467,-0.00034700796022007607,-0.0002646051043198802,0.0006254326664197479
0.02,-0.0026845744320129327,0.006682231605988756,0.002815714201221467,-0.00035352143030936006,-0.00027102135776253117,0.0006260880991629941
0.02125,-0.0026845744320129327,0.006682231605988756,0.002815714201221467,-0.00035352143030936006,-0.00027102135776253117,0.0006260880991629941
0.0225,0.0019154256700600215,0.007326230921787039,0.0019877125530338297,0.0029276132381294926,0.000667764450027971,-0.00027585577206475087
0.02375,-0.00194857441568126,0.004750230864626184,0.001619713476190568,0.00016309844940335218,-0.003116367683763256,-0.0006767815006799224
0.025,0.0010874256516868897,0.00787823139969708,0.0031837132780647287,0.002329789000945965,0.0014714942497638696,0.00102776867935548
0.02625,0.00044342563739667613,0.005118230872792021,0.0012517143993473062,0.0018665854429241095,-0.0025827142751602833,-0.0010777501454945007
0.0275,-0.00020057437689353745,0.008062230938118711,0.002999713739643098,0.0014034354634491074,0.001735071267251604,0.000827212919867204
0.02875,-0.00020057437689353745,0.008062230938118711,0.002999713739643098,0.0014005799265571486,0.0017318186092590455,0.0008271129625724988
0.03,-0.0013045741685604028,0.0053942311117470415,0.0011597146301364908,0.00060879374044992,-0.002187375470110855,-0.0011783134924676988
0.03125,-0.0013045741685604028,0.0053942311117470415,0.0011597146301364908,0.00060879374044992,-0.002187375470110855,-0.0011783134924676988
0.0325,-0.000844574391183751,0.008522231646817938,0.0033677128164863596,0.0009320944834332722,0.002397186305443527,0.0012275247576374881
0.03375,-0.000844574391183751,0.008522231646817938,0.0033677128164863596,0.0009320944834332722,0.002397186305443527,0.0012275247576374881
0.035,-0.000844574391183751,0.008522231646817938,0.0033677128164863596,0.0009294537316413853,0.002393909902320985,0.001227196646987852
0.03625,0.00025942563331375797,0.008338231177073732,0.002631714662799836,0.0017133178863013652,0.0021172747576721426,0.00042426152126206346
0.0375,-0.00010857437485207837,0.008062230938118711,0.0029077139704322824,0.0017133178863013652,0.0021172747576721426,0.00042426152126206346
0.03875,-0.00010857437485207837,0.008062230938118711,0.0029077139704322824,0.0017133178863013652,0.0021172747576721426,0.00042426152126206346
0.04,-0.00010857437485207837,0.008062230938118711,0.0029077139704322824,0.0017133178863013652,0.0021172747576721426,0.00042426152126206346
0.04125,-0.00010857437485207837,0.008062230938118711,0.0029077139704322824,0.0017133178863013652,0.0021172747576721426,0.00042426152126206346
0.0425,0.0016394256639356442,0.00493423133437039,0.0005157125203704843,0.0014478438090020727,0.0017088837678723295,0.0007245527124412343
0.04375,-0.0005685741522287301,0.008890231654983774,0.0031837132780647287,0.001109722197158206,0.0029109378333468383,0.0010227758695854003
0.045,0.00025942563331375797,0.008706231185239569,0.003643712124118806,0.001697095257387881,0.002634219573559065,0.0015224674380598727
0.04625,0.0010874256516868897,0.005210231573325411,0.0005157125203704843,0.0022867319785278965,-0.002500342020905169,-0.0018873890752473393
0.0475,0.0010874256516868897,0.005210231573325411,0.0005157125203704843,0.0022867319785278965,-0.002500342020905169,-0.0018873890752473393
0.04875,-0.0005685741522287301,0.007970231168907896,0.0031837132780647287,0.0011012081454167678,0.0015472840054615508,0.001019296204052715
0.05,-0.0017645744115983419,0.006774231375199571,0.0018957127838230142,0.0002444818972163927,-0.0002114830024345822,-0.0003854048648431613
0.05125,-0.0009365741603945665,0.005578231581491247,0.0010677148609256754,0.0008323960918245978,-0.0019736154858751923,-0.0012899720141613946
0.0525,-0.0009365741603945665,0.005578231581491247,0.0010677148609256754,0.0008323960918245978,-0.0019736154858751923,-0.0012899720141613946
0.05375,-0.0009365741603945665,0.005578231581491247,0.002999713739643098,0.0008305653953225561,-0.001976980951416338,0.0008143774910740961
0.055,0.00035142563535521705,0.007510231391531244,0.002999713739643098,0.0008305653953225561,-0.001976980951416338,0.0008143774910740961
0.05625,-0.0010285743952666692,0.004658231095415369,0.0006997120587921152,0.000759650211598639,-0.0033374355637088085,-0.0016961014724838769
0.0575,-0.00010857437485207837,0.004382230856460348,0.0006997120587921152,0.0014155235893154828,-0.0037459215534159027,-0.001697512770732476
0.05875,-0.00010857437485207837,0.004382230856460348,0.0006997120587921152,0.0014155235893154828,-0.0037459215534159027,-0.001697512770732476
0.06,-0.00010857437485207837,0.004382230856460348,0.0006997120587921152,0.0014139644129160293,-0.0037493167165453187,-0.0016989810181640835
0.06125,-0.00010857437485207837,0.004382230856460348,0.0006997120587921152,0.0014139644129160293,-0.0037493167165453187,-0.0016989810181640835
0.0625,-0.00010857437485207837,0.004382230856460348,0.0006997120587921152,0.0014139644129160293,-0.0037493167165453187,-0.0016989810181640835
0.06375,0.00035142563535521705,0.008614231416028753,0.003827715387830735,0.0017397527198514846,0.002455359035916569,0.0017068697858717147
0.065,-0.002408574193057912,0.005578231581491247,0.0029077139704322824,-0.00023673234628304816,-0.0020109621993519705,0.0006991473122152023
0.06625,-0.002408574193057912,0.005578231581491247,0.0029077139704322824,-0.00023673234628304816,-0.0020109621993519705,0.0006991473122152023
0.0675,0.0016394256639356442,0.005486230880957857,0.0005157125203704843,0.0026537997477782175,-0.002152861950844482,-0.001911379217525655
0.06875,0.0016394256639356442,0.005486230880957857,0.0005157125203704843,0.0026537997477782175,-0.002152861950844482,-0.001911379217525655
0.07,-0.001488574172643321,0.00898223142419459,0.003275713047275544,0.0004161522284798656,0.0029714725916515188,0.0010926213310172364
0.07125,-0.0017645744115983419,0.00898223142419459,0.003459712585697175,0.0002178920728013894,0.00296801806369177,0.0012911112214357492
0.0725,-0.0026845744320129327,0.0064982311362445505,0.0027237144320106516,-0.0004405542707020668,-0.0006813133694985873,0.00048690957471570623
0.07375,-0.00010857437485207837,0.004382230856460348,0.0004237127511596689,0.0014004090800832734,-0.0037870553049824604,-0.002019677251631595
0.075,-0.00010857437485207837,0.004382230856460348,0.0004237127511596689,0.001398654262238271,-0.003793994048345333,-0.0020240353331843416
0.07625,-0.0022245741889749936,0.005946231589657083,0.0019877125530338297,-0.00011356563304968726,-0.0014984456612485604,-0.00031955629126817486
0.0775,-0.0022245741889749936,0.005946231589657083,0.0019877125530338297,-0.00011510156591506854,-0.0015054081753513929,-0.00032414141971126575
0.07875,-0.0012125743993495874,0.0042902310872495325,0.0006997120587921152,0.0006074482144367336,-0.003939478973439867,-0.0017302076943124037
0.08,-0.0025005744279300145,0.007694230929952875,0.0033677128164863596,-0.0003136644904444732,0.0010532184845313645,0.0011749986668430495
0.08125,-1.6574372810619284e-05,0.007418231622320429,0.00235571535516739,0.001460973954711768,0.0006446196824332756,6.960941888550787e-05
0.0825,-0.0004765743830179147,0.008706231185239569,0.0030917135088539133,0.001132230499214387,0.002535071295336498,0.0008717172033166423
0.08375,-0.001488574172643321,0.004842231565159574,0.0010677148609256754,0.00040800699967573307,-0.003143305432610495,-0.0013392312922290359
0.085,-0.001488574172643321,0.004842231565159574,0.0010677148609256754,0.00040800699967573307,-0.003143305432610495,-0.0013392312922290359
0.08625,7.54256292308398e-05,0.007510231391531244,0.002263711860666276,0.0015249663791656641,0.0007655844329598933,-4.11847278614097e-05
0.0875,7.54256292308398e-05,0.007510231391531244,0.002263711860666276,0.0015249663791656641,0.0007655844329598933,-4.11847278614097e-05
0.08875,-0.0022245741889749936,0.005302231342536226,0.0011597146301364908,0.0015246645700793806,0.0007620527175765876,-4.395891066136248e-05
0.09,-0.0011205741644774846,0.008890231654983774,0.0030917135088539133,0.0006694928233782504,0.00278045534531169,0.0008526943090912953
0.09125,-0.0012125743993495874,0.005026231103581205,0.0007917118280029306,0.0006037441322787737,-0.0028908994933979915,-0.001653892517256006
0.0925,-0.0013045741685604028,0.004014230848294512,0.0004237127511596689,0.0005377766223633867,-0.00438335934650495,-0.0020608905447073098
0.09375,-0.0013045741685604028,0.004014230848294512,0.0004237127511596689,0.0005377766223633867,-0.00438335934650495,-0.0020608905447073098
0.095,-0.0010285743952666692,0.00898223142419459,0.003275713047275544,0.000735023981117132,0.0029012538457661025,0.0010411071097789215
0.09625,-0.0010285743952666692,0.00898223142419459,0.003275713047275544,0.000735023981117132,0.0029012538457661025,0.0010411071097789215
0.0975,-0.0010285743952666692,0.00898223142419459,0.0010677148609256754,0.0007351072111018266,0.0028976805679266776,-0.0013683858975482785
0.09875,-0.0018565741808091573,0.005210231573325411,0.0010677148609256754,0.00014350730465548722,-0.002642221228046568,-0.0013716119508387636
0.1,7.54256292308398e-05,0.007050231614154592,0.00235571535516739,0.0015244232332611587,5.483878042697801e-05,2.8794245026664278e-05
0.10125,7.54256292308398e-05,0.007050231614154592,0.00235571535516739,0.0015246717708017371,5.1247668699246074e-05,2.545545063251109e-05
0.1025,7.54256292308398e-05,0.007050231614154592,0.00235571535516739,0.0015249754454210607,4.765064086973553e-05,2.206035520066485e-05
0.10375,7.54256292308398e-05,0.00898223142419459,0.0030917135088539133,0.0015253342761607888,0.0028797250949063775,0.0008207167505993596
0.105,7.54256292308398e-05,0.00898223142419459,0.0030917135088539133,0.0015253342761607888,0.0028797250949063775,0.0008207167505993596
0.10625,-0.0025005744279300145,0.005670231350702062,0.0006997120587921152,-0.00031474587535048563,-0.0019886599385186034,-0.001793205096469637
0.1075,7.54256292308398e-05,0.005670231350702062,0.0025397148935890207,0.0015267418779534693,-0.0019922807163028147,0.00020844426283206374
0.10875,-0.0004765743830179147,0.008338231177073732,0.0029077139704322824,0.0011334642288692142,0.001916395377863686,0.0006020894191238468
0.11,-0.0004765743830179147,0.008338231177073732,0.0029077139704322824,0.0011334642288692142,0.001916395377863686,0.0006020894191238468
0.11125,-0.0004765743830179147,0.008338231177073732,0.0029077139704322824,0.0011334642288692142,0.001916395377863686,0.0006020894191238468
0.1125,-0.0015805744075154237,0.00493423133437039,0.002815714201221467,0.0003451700592765881,-0.0030834367608090357,0.000498037393884862
0.11375,-0.00259257419714083,0.008154231638652101,0.0024477151243782053,-0.0003765194642667202,0.0016353972784117488,8.923816059365486e-05
0.115,-0.00038457414814581196,0.008062230938118711,0.0031837132780647287,0.0012023051075392178,0.0014967086175955747,0.0008873892190403021
0.11625,-0.00038457414814581196,0.008062230938118711,0.0031837132780647287,0.0012023051075392178,0.0014967086175955747,0.0008873892190403021
0.1175,0.00016742563127229888,0.00631423159782292,0.0029077139704322824,0.0015986751971600838,-0.001076234925481926,0.0005785173736428187
0.11875,-0.0009365741603945665,0.008798230954450384,0.0029077139704322824,0.0008107128846861333,0.002565961827006944,0.0005743927634056997
0.12,-0.0009365741603945665,0.008798230954450384,0.0029077139704322824,0.0008117902252856692,0.002562281674265199,-0.000532685944961156
0.12125,-0.0025005744279300145,0.00622223089728953,0.0006077122895812997,-0.0003048048093031168,-0.0012223076417716694,-0.0019406109328020948
0.1225,-0.0025005744279300145,0.00622223089728953,0.0006077122895812997,-0.0003048048093031168,-0.0012223076417716694,-0.0019406109328020948
0.12375,-1.6574372810619284e-05,0.004842231565159574,0.0004237127511596689,0.0014728414596998844,-0.0032551815277255883,-0.0021497780766846428
0.125,-1.6574372810619284e-05,0.004842231565159574,0.0004237127511596689,0.0014754947122637778,-0.003262595270677935,-0.0021586412669992935
0.12625,-1.6574372810619284e-05,0.004842231565159574,0.0004237127511596689,0.0014754947122637778,-0.003262595270677935,-0.0021586412669992935
0.1275,-1.6574372810619284e-05,0.004842231565159574,0.0004237127511596689,0.0014754947122637778,-0.003262595270677935,-0.0021586412669992935
0.12875,0.00035142563535521705,0.005854230889123693,0.0009757150917148599,0.0017398992526996104,-0.0017809562096774388,-0.0015615755646518764
0.13,-0.0018565741808091573,0.008614231416028753,0.003643712124118806,0.00016491657722598335,0.002262562164373639,0.001336867986561574
0.13125,-0.0013045741685604028,0.004658231095415369,0.0006997120587921152,0.0005609848815502226,-0.003547558522575763,-0.0018762451065288607
0.1325,-0.0013045741685604028,0.004658231095415369,0.0006997120587921152,0.0005609848815502226,-0.003547558522575763,-0.0018762451065288607
0.13375,-0.0013045741685604028,0.004658231095415369,0.0006997120587921152,0.0005609848815502226,-0.003547558522575763,-0.0018762451065288607
0.135,-0.0004765743830179147,0.007970231168907896,0.0024477151243782053,0.0011595826888537958,0.0012986089873327986,9.478100239462828e-06
0.13625,-0.0004765743830179147,0.007970231168907896,0.0024477151243782053,0.0011595826888537958,0.0012986089873327986,9.478100239462828e-06
0.1375,-0.00010857437485207837,0.007786231630486265,0.002079712322244645,0.001424431130276509,0.0010247811935144083,-0.0003965349984065558
0.13875,-0.00010857437485207837,0.007786231630486265,0.002079712322244645,0.001424431130276509,0.0010247811935144083,-0.0003965349984065558
0.14,-0.0017645744115983419,0.00898223142419459,0.0031837132780647287,0.0002448286541543998,0.0027726561805083497,0.0007965423223866841
0.14125,-0.0013045741685604028,0.008430230946284548,0.0031837132780647287,0.0005755924144594492,0.001958681541965865,0.0007914172570337441
0.1425,-0.0013045741685604028,0.008430230946284548,0.0031837132780647287,0.0005776682795371321,0.0019548945143217956,0.0007862369902832261
0.14375,-0.0013045741685604028,0.008430230946284548,0.0031837132780647287,0.0005797997132344166,0.001951101549189052,0.0007810015654299216
0.145,-0.0011205741644774846,0.008890231654983774,0.002999713739643098,0.0007134841058068723,0.0026224639368902167,0.0005751840801647631
0.14625,-1.6574372810619284e-05,0.007050231614154592,0.0021717120914554605,0.0015047109938139602,-8.198606451019844e-05,-0.00033253278647911444
0.1475,-0.00020057437689353745,0.004842231565159574,0.0005157125203704843,0.0013778655841511184,-0.0033303877507448003,-0.0021481315500413364
0.14875,-0.001488574172643321,0.004750230864626184,0.0009757150917148599,0.00045738390875844784,-0.003465420008809318,-0.0016468141847718679
0.15,-0.00259257419714083,0.007142231383365408,0.00235571535516739,-0.0003291909926500685,4.159604829198291e-05,-0.00014837263727206923
0.15125,-0.00259257419714083,0.007142231383365408,0.00235571535516739,-0.0003291909926500685,4.159604829198291e-05,-0.00014837263727206923
0.1525,-0.002132574419764178,0.00898223142419459,0.003459712585697175,4.538120790643658e-06,0.0027345780462174757,0.0010436032589979244
0.15375,-1.6574372810619284e-05,0.004750230864626184,0.00023971321273803803,0.0015219661441533503,-0.0034845926924647885,-0.002477023186156009
0.155,-1.6574372810619284e-05,0.004750230864626184,0.00023971321273803803,0.0015219661441533503,-0.0034845926924647885,-0.002477023186156009
0.15625,-1.6574372810619284e-05,0.004750230864626184,0.00023971321273803803,0.0015246536594842163,-0.003488445032555066,-0.002482807700616013
0.1575,7.54256292308398e-05,0.007326230921787039,0.001619713476190568,0.0015931455070437935,0.0002885999156724377,-0.0009846947678693457
0.15875,-0.0015805744075154237,0.004658231095415369,0.0008837153225040445,0.00041246786967652233,-0.003631199783266155,-0.001792696314622283
0.16,-0.0025005744279300145,0.008062230938118711,0.0030917135088539133,-0.0002421645883907311,0.0013611236125646436,0.0006076787269348252
0.16125,-0.00020057437689353745,0.007050231614154592,0.0021717120914554605,0.0014044627967759325,-0.00012810731619000704,-0.00040095881440545267
0.1625,-0.0015805744075154237,0.005302231342536226,0.0007917118280029306,0.0004211981966708461,-0.002697602246949468,-0.0019109681692268538
0.16375,-0.0015805744075154237,0.005302231342536226,0.0007917118280029306,0.0004211981966708461,-0.002697602246949468,-0.0019109681692268538
0.165,-0.0015805744075154237,0.005302231342536226,0.0007917118280029306,0.0004211981966708461,-0.002697602246949468,-0.0019109681692268538
0.16625,-0.0015805744075154237,0.005302231342536226,0.0007917118280029306,0.0004211981966708461,-0.002697602246949468,-0.0019109681692268538
0.1675,-0.002132574419764178,0.009074231193405405,0.003275713047275544,4.236991954322715e-05,0.0028192210870306017,0.0007650443243621546
0.16875,-0.002132574419764178,0.009074231193405405,0.003275713047275544,4.236991954322715e-05,0.0028192210870306017,0.0007650443243621546
0.17,-0.00010857437485207837,0.004750230864626184,0.0005157125203704843,4.236991954322715e-05,0.0028192210870306017,0.0007650443243621546
0.17125,-0.002408574193057912,0.005946231589657083,0.0017117132454013834,-0.00014822090367577062,-0.0017797169297245861,-0.000952254501259471
0.1725,-0.002408574193057912,0.005946231589657083,0.0017117132454013834,-0.00014822090367577062,-0.0017797169297245861,-0.000952254501259471
0.17375,-0.002408574193057912,0.005946231589657083,0.0017117132454013834,-0.00014822090367577062,-0.0017797169297245861,-0.000952254501259471
0.175,-0.002408574193057912,0.005946231589657083,0.0017117132454013834,-0.00014822090367577062,-0.0017797169297245861,-0.000952254501259471
0.17625,-0.002408574193057912,0.005946231589657083,0.0017117132454013834,-0.00014822090367577062,-0.0017797169297245861,-0.000952254501259471
0.1775,-0.0005685741522287301,0.007786231630486265,0.0004237127511596689,0.0011843654579746284,0.0009012212191098351,-0.002388937011921624
0.17875,-0.0005685741522287301,0.007786231630486265,0.0004237127511596689,0.0011843654579746284,0.0009012212191098351,-0.002388937011921624
0.18,-0.00020057437689353745,0.004842231565159574,0.0033677128164863596,0.0014547950194026128,-0.003427735406357775,0.0008059199835050226
0.18125,-0.0020405741848920755,0.008890231654983774,0.0006077122895812997,0.00014362212046363987,0.0025097128585463806,-0.0022088517458795365
0.1825,-0.00029257437893499653,0.004842231565159574,0.002999713739643098,0.001396703902855277,-0.0034356835711608635,0.0003910773669026854
0.18375,-0.00029257437893499653,0.004842231565159574,0.002999713739643098,0.001396703902855277,-0.0034356835711608635,0.0003910773669026854
0.185,0.00025942563331375797,0.005578231581491247,0.0031837132780647287,0.0017990763032101251,-0.0023633973740987795,0.0005776016442531617
0.18625,-0.002132574419764178,0.008798230954450384,0.0008837153225040445,0.0017990763032101251,-0.0023633973740987795,0.0005776016442531617
0.1875,-0.002132574419764178,0.008798230954450384,0.0008837153225040445,9.771330084753669e-05,0.0023547360407505276,-0.0019432013953651003
0.18875,-0.002132574419764178,0.008798230954450384,0.0008837153225040445,9.771330084753669e-05,0.0023547360407505276,-0.0019432013953651003
0.19,-0.0016725741767262391,0.00898223142419459,0.0030917135088539133,0.0004347824186283159,0.0026167811895161028,0.00044869268961107017
0.19125,-0.0016725741767262391,0.00898223142419459,0.0030917135088539133,0.00043902875438368936,0.0026127625996013627,0.0004413983149732237
0.1925,-1.6574372810619284e-05,0.006590230905455366,0.0015277137069797525,0.0016268071956681935,-0.0009021006374794645,-0.0012704281781387924
0.19375,-0.0020405741848920755,0.00898223142419459,0.0031837132780647287,0.0016268071956681935,-0.0009021006374794645,-0.0012704281781387924
0.195,-0.0023165744238470964,0.005670231350702062,0.0018957127838230142,-8.139095384680946e-06,-0.0022604900853974846,-0.0008842281636810695
0.19625,-0.0023165744238470964,0.005670231350702062,0.0018957127838230142,-8.139095384680946e-06,-0.0022604900853974846,-0.0008842281636810695
0.1975,-1.6574372810619284e-05,0.006406231367033735,0.0017117132454013834,0.0016445717872523402,-0.0011883226381089115,-0.0010998205258160934
0.19875,-0.0023165744238470964,0.008430230946284548,0.003459712585697175,0.0016445717872523402,-0.0011883226381089115,-0.0010998205258160934
0.2,-0.0017645744115983419,0.00493423133437039,0.0010677148609256754,0.0004092544522536117,-0.0033610192726545654,-0.0018246585443377136
0.20125,0.00016742563127229888,0.005210231573325411,0.0006997120587921152,0.0017947241475101431,-0.002959994525844608,-0.002233482174275679
0.2025,-0.0005685741522287301,0.00787823139969708,0.002631714662799836,0.001268734618714333,0.0009559409580263585,-0.00012794924014393472
0.20375,-0.0005685741522287301,0.00787823139969708,0.002631714662799836,0.001268734618714333,0.0009559409580263585,-0.00012794924014393472
0.205,-0.002408574193057912,0.008154231638652101,0.0030917135088539133,-3.6577970337556276e-05,0.0013528758649866898,0.00035767125559365426
0.20625,-0.0020405741848920755,0.005670231350702062,0.001435713937768937,0.00023133083252580879,-0.002297084942604874,-0.0014549982547096899
0.2075,-0.0004765743830179147,0.004842231565159574,0.0005157125203704843,0.0013540282256554125,-0.003516471042523811,-0.0024656122624695243
0.20875,-0.0004765743830179147,0.004842231565159574,0.0005157125203704843,0.0013540282256554125,-0.003516471042523811,-0.0024656122624695243
0.21,-0.00029257437893499653,0.007786231630486265,0.002263711860666276,0.001490550851381168,0.0008004595007137377,-0.0005686377640562526
0.21125,-0.0012125743993495874,0.008706231185239569,0.0030917135088539133,0.000843281195701086,0.002142560839238923,0.0003175141575490134
0.2125,-0.00194857441568126,0.008798230954450384,0.003275713047275544,0.0003224836634588245,0.0022734735700104466,0.0005098533989029361
0.21375,-0.0023165744238470964,0.008338231177073732,0.003459712585697175,5.9488899060919365e-05,0.0015983122796878642,0.000710380345010711
0.215,-0.00259257419714083,0.007786231630486265,0.0027237144320106516,-0.00012720642007169698,0.0007798618149631627,-0.00010825866413997215
0.21625,-0.0025005744279300145,0.006866231144410387,0.0021717120914554605,-5.0684830814490614e-05,-0.0005787413828302786,-0.0007265777680434751
0.2175,-0.0025005744279300145,0.006866231144410387,0.0021717120914554605,-5.0684830814490614e-05,-0.0005787413828302786,-0.0007265777680434751
0.21875,-0.002408574193057912,0.006406231367033735,0.002263711860666276,2.0533614173176822e-05,-0.0012580518879600176,-0.0006347609219425204
0.22,-0.002408574193057912,0.006406231367033735,0.002263711860666276,2.0533614173176822e-05,-0.0012580518879600176,-0.0006347609219425204
0.22125,-0.002408574193057912,0.006590230905455366,0.002079712322244645,3.1639683960921726e-05,-0.0009963036139113111,-0.0008523357401169981
0.2225,-0.00259257419714083,0.007326230921787039,0.002631714662799836,-8.852961266280933e-05,7.5614458569781e-05,-0.0002680084319758719
0.22375,-0.00259257419714083,0.007970231168907896,0.0030917135088539133,-8.852961266280933e-05,0.0010208402650213923,0.00023330893329358282
0.225,-0.0023165744238470964,0.008338231177073732,0.0031837132780647287,0.00012026647762356131,0.001552605555289726,0.0003161138244229464
0.22625,-0.001488574172643321,0.008706231185239569,0.0031837132780647287,0.0007178629026437441,0.0020885438103199136,0.000307307830753549
0.2275,-0.0007525741563116483,0.008062230938118711,0.002631714662799836,0.001249766085653082,0.0011391212891517476,-0.0003031300331314893
0.22875,-0.0007525741563116483,0.008062230938118711,0.002631714662799836,0.001249766085653082,0.0011391212891517476,-0.0003031300331314893
0.23,-0.0007525741563116483,0.008062230938118711,0.002631714662799836,0.0012557352485776116,0.0011349185868115633,-0.0003120381190161378
0.23125,-0.0007525741563116483,0.008062230938118711,0.002631714662799836,0.0012617597657404809,0.0011307099970468762,-0.00032099697427184076
0.2325,-0.0007525741563116483,0.008062230938118711,0.002631714662799836,0.0012678396955173319,0.0011264954697935183,-0.00033000662571449485
0.23375,-0.00259257419714083,0.007510231391531244,0.002815714201221467,-3.480808034593986e-05,0.0003078550544336825,-0.00014765105224519987
0.235,-0.00259257419714083,0.007510231391531244,0.002815714201221467,-3.480808034593986e-05,0.0003078550544336825,-0.00014765105224519987
0.23625,-0.00259257419714083,0.007510231391531244,0.002815714201221467,-3.480808034593986e-05,0.0003078550544336825,-0.00014765105224519987
0.2375,-0.00259257419714083,0.007510231391531244,0.002815714201221467,-3.480808034593986e-05,0.0003078550544336825,-0.00014765105224519987
0.23875,-0.00020057437689353745,0.0053942311117470415,0.0011597146301364908,0.0016809039782227399,-0.0028021192207695785,-0.001961555127747476
0.24,-0.0025005744279300145,0.007970231168907896,0.0029077139704322824,5.625707400436046e-05,0.0009660513609466639,-8.43363436084793e-05
0.24125,-0.00010857437485207837,0.006682231605988756,0.0018037130146121988,0.0017787132347159614,-0.0009329183687934069,-0.0013062741025376343
0.2425,-0.00010857437485207837,0.006682231605988756,0.0018037130146121988,0.0017852912693777897,-0.0009371863334448442,-0.001315737278276767
0.24375,-0.00010857437485207837,0.006682231605988756,0.0018037130146121988,0.0017852912693777897,-0.0009371863334448442,-0.001315737278276767
0.245,-0.0023165744238470964,0.008062230938118711,0.0031837132780647287,0.0002139560690462101,0.001084023584398467,0.00017870155033738316
0.24625,-0.00029257437893499653,0.006774231375199571,0.0019877125530338297,0.0016738596408342118,-0.0008149936453925657,-0.0011438995018241346
0.2475,-0.00029257437893499653,0.006774231375199571,0.0019877125530338297,0.0016738596408342118,-0.0008149936453925657,-0.0011438995018241346
0.24875,-0.00029257437893499653,0.006774231375199571,0.0019877125530338297,0.001687512904496531,-0.0008235830122350768,-0.0011632742933575108
0.25,-0.00029257437893499653,0.006774231375199571,0.0019877125530338297,0.0016944223307864157,-0.0008278866018893438,-0.0011730360568946649
-0.0,-0.003052574440178769,0.004842231565159574,-0.0015082861275577536,-0.0005624800523560186,-0.002924123548387121,-0.004096765508981977
-0.00125,-0.0033285742134725026,0.004474231556993738,-0.0005882847101593008,-0.0007597261256544474,-0.0034642525806451857,-0.0030941307784430605
-0.0025,-0.002132574419764178,0.004750230864626184,-0.0015082861275577536,9.903325795001475e-05,-0.003056033775271357,-0.0040979189442861275
-0.00375,-0.002132574419764178,0.004750230864626184,-0.0015082861275577536,0.00010311242857240135,-0.003052917681590807,-0.004099129241403161
-0.005,-0.0025005744279300145,0.004750230864626184,-0.0008642877430820456,-0.00015575043534707443,-0.0030498075254099914,-0.003398552075309362
-0.00625,-0.0025005744279300145,0.004750230864626184,-0.0011402870507144919,-0.00015156584676064531,-0.0030467033067289144,-0.0037006664737705003
-0.0075,-0.0031445742093895845,0.004566231326204553,-0.0013242865891361227,-0.0006075694490094178,-0.0033136695411000484,-0.003902574218801934
-0.00875,-0.0034205744483446054,0.004658231095415369,-0.0012322868199253073,-0.0008005256847155749,-0.0031755449399304726,-0.003803748348350261
-0.01,-0.0036045744524275235,0.004566231326204553,-0.0008642877430820456,-0.0009276806666083251,-0.0033074907912387756,-0.003404188847824431
-0.01125,-0.003696574221638339,0.004658231095415369,-0.0010482872815036764,-0.0009276806666083251,-0.0033074907912387756,-0.003504452320878322
-0.0125,-0.003696574221638339,0.004658231095415369,-0.0010482872815036764,-0.0009845870456912332,-0.0031663035321676768,-0.003607874877831388
-0.01375,-0.0025005744279300145,0.00493423133437039,-0.0013242865891361227,-0.00012535423809254204,-0.0027581381648657914,-0.00391032995472803
-0.015,-0.002132574419764178,0.005026231103581205,-0.0012322868199253073,0.00014219273725989568,-0.0026200432511904598,-0.0038117878602418886
-0.01625,-0.003696574221638339,0.005118230872792021,-0.0001282858641052237,-0.0009709304569194069,-0.0024819542750126496,-0.002610404264814077
-0.0175,-0.0023165744238470964,0.007786231630486265,0.0004237127511596689,-0.0012996739124167891,-0.001401696210496517,-0.0025101407917601792
-0.01875,7.54256292308398e-05,0.005762231119912878,-0.000956287512292861,0.0017341318435506084,-0.0015306328425606502,-0.003516501718874611
-0.02,-0.0034205744483446054,0.006038231358867899,-0.00040428517173767,-0.0007595570969204258,-0.001122497160488855,-0.002916868957109485
-0.02125,-0.002132574419764178,0.00787823139969708,0.00033171298194885346,0.00016573805690798821,0.0015811809666583035,-0.0021167658711770745
-0.0225,-0.002776574201223748,0.0064982311362445505,-0.0005882847101593008,-0.00028963717643728897,-0.0004412758714350852,-0.003121461907428527
-0.02375,-0.0012125743993495874,0.0076022311607420595,0.0009757150917148599,0.0008330082495367043,0.0011821323207070918,-0.0014191007542885062
-0.025,-0.0010285743952666692,0.005026231103581205,-0.0010482872815036764,0.0009694753283635647,-0.002595755751726249,-0.0036270716083225962
-0.02625,0.00035142563535521705,0.005486230880957857,-0.001600285896768569,0.0019607273792039293,-0.0019175852410395731,-0.004230883435834179
-0.0275,-0.00259257419714083,0.008154231638652101,0.0006077122895812997,-0.00013815712560500456,0.0020013535212183055,-0.0018268475847031326
-0.02875,-0.00259257419714083,0.008154231638652101,0.0006077122895812997,-0.0001330316211055468,0.0020043508665785054,-0.0018291915834362238
-0.03,-0.00259257419714083,0.00355423107091786,-0.002336287775745391,-0.0001278542773170679,-0.0047442706287934705,-0.0050400231893733966
-0.03125,-0.0029605742053066663,0.00787823139969708,0.0006077122895812997,-0.00038561991407555073,0.001605230966141978,-0.001834048961409332
-0.0325,-0.0029605742053066663,0.00787823139969708,0.0006077122895812997,-0.00038561991407555073,0.001605230966141978,-0.001834048961409332
-0.03375,-0.0029605742053066663,0.003370231532496229,-0.0013242865891361227,-0.0003750064681245259,-0.005005396555252388,-0.003944664954748184
-0.035,-0.0029605742053066663,0.003370231532496229,-0.0013242865891361227,-0.00036962223827692077,-0.005002428892988617,-0.00394729105734154
-0.03625,-0.0005685741522287301,0.008338231177073732,0.0006077122895812997,0.0013452795423559193,0.002292274758417201,-0.0018444405611905829
-0.0375,-0.0005685741522287301,0.008338231177073732,0.0006077122895812997,0.0013507669034983792,0.0022952305368504726,-0.001847179315553199
-0.03875,-0.0005685741522287301,0.008338231177073732,0.0006077122895812997,0.0013563057809555532,0.0022981803865774406,-0.0018499743674595115
-0.04,-0.0005685741522287301,0.008338231177073732,0.0006077122895812997,0.0013618960920550411,0.002301124290015666,-0.0018528256724939102
-0.04125,-0.0029605742053066663,0.007694230929952875,0.001435713937768937,-0.00034192816531018223,0.0013588364495136056,-0.0009533619531576845
-0.0425,-0.0029605742053066663,0.007694230929952875,0.001435713937768937,-0.00033623508716821085,0.0013617684867037669,-0.000956325704573692
-0.04375,-0.0029605742053066663,0.007694230929952875,0.001435713937768937,-0.00033623508716821085,0.0013617684867037669,-0.000956325704573692
-0.045,-0.0020405741848920755,0.006590230905455366,-0.0001282858641052237,0.0003327917935219216,-0.0002527723656500884,-0.0026669007273023987
-0.04625,-0.0020405741848920755,0.006590230905455366,-0.0001282858641052237,0.00033863861751374895,-0.00024985814099673376,-0.002670032914819341
-0.0475,-0.0020405741848920755,0.006590230905455366,-0.0001282858641052237,0.000344536570128692,-0.00024694986252594975,-0.002673221177342505
-0.04875,-0.0020405741848920755,0.006590230905455366,-0.0001282858641052237,0.00035048561700650686,-0.00024404752154384007,-0.0026764654928397927
-0.05,-0.0020405741848920755,0.006590230905455366,-0.0001282858641052237,0.00035048561700650686,-0.00024404752154384007,-0.0026764654928397927
-0.05125,-0.0007525741563116483,0.00787823139969708,0.0006997120587921152,0.0012830184787528055,0.0016521909694630008,-0.0017807509077057762
-0.0525,-0.0007525741563116483,0.00787823139969708,0.0006997120587921152,0.0012891204953882672,0.0016550754979613898,-0.001784163189554426
-0.05375,-0.0007525741563116483,0.00787823139969708,0.0006997120587921152,0.0012952733965214199,0.0016579540889711045,-0.0017876313942056105
-0.055,-0.002776574201223748,0.004566231326204553,-0.0018762852044010153,-0.00014499405664562034,-0.0032003345392781074,-0.004598532743951535
-0.05625,-0.002776574201223748,0.004566231326204553,-0.0018762852044010153,-0.00014499405664562034,-0.0032003345392781074,-0.004598532743951535
-0.0575,-0.002776574201223748,0.004566231326204553,-0.0018762852044010153,-0.00013243431161644083,-0.003194607044737445,-0.004605748460855992
-0.05875,-0.002868574436095851,0.0076022311607420595,0.0006077122895812997,-0.0001918270790899658,0.0012643123209281487,-0.00190232625244776
-0.06,-0.0006605743871008329,0.004014230848294512,-0.0024282875449562064,0.0013925480277561172,-0.0039990968400570315,-0.005214768165104557
-0.06125,-0.003880574225721257,0.006590230905455366,-3.628609489440826e-05,-0.0009021990792061133,-0.0002153506482082991,-0.0026117208800096325
-0.0625,0.00025942563331375797,0.006406231367033735,-0.0008642877430820456,0.0020629996273884292,-0.0004825781273375754,-0.0035179508389855257
-0.06375,-0.003880574225721257,0.005670231350702062,-0.00022028563331603912,-0.0008891334333841188,-0.0015600051008064775,-0.00282002085595405
-0.065,0.00035142563535521705,0.006958230913621202,5.571367431640717e-05,0.0009584383514923893,-0.005473115431118891,-0.004327942880546096
-0.06625,-0.0013965744034325055,0.008430230946284548,0.0006997120587921152,0.0008993484340609702,0.002496607010757438,-0.0018253815450825772
-0.0675,-0.0007525741563116483,0.007418231622320429,-0.00022028563331603912,0.0013662983288988979,0.0010140654506289662,-0.0028320972897637187
-0.06875,-0.0006605743871008329,0.005486230880957857,-0.0014162863583469382,0.0014388063446552687,-0.0018188046109179692,-0.004139658962340115
-0.07,-0.002868574436095851,0.0031862310627520235,-0.0024282875449562064,-0.00013235278682656752,-0.005191809658962411,-0.0052467491083816875
-0.07125,-0.00397257446059336,0.005762231119912878,-0.0005882847101593008,-0.0009144775117093627,-0.0014081109670761767,-0.00324572699346231
-0.0725,-0.0033285742134725026,0.00787823139969708,0.0006077122895812997,-0.0004473270495720079,0.0017004204969988113,-0.0019466045527725684
-0.07375,-0.0013965744034325055,0.006682231605988756,-0.00022028563331603912,0.0009403550865199196,-5.2215266737470206e-05,-0.002853333840759656
-0.075,-0.002408574193057912,0.00787823139969708,0.0007917118280029306,0.00022412904812934252,0.0017059817417150076,-0.001754848947294968
-0.07625,-0.0016725741767262391,0.007326230921787039,-0.00022028563331603912,0.0007571780654015946,0.0008985599259560273,-0.0028622157250721633
-0.0775,-0.00259257419714083,0.007786231630486265,0.0007917118280029306,0.00010680042505341889,0.001576486994879632,-0.001763841263577523
-0.07875,-0.0013045741685604028,0.004750230864626184,-0.0016922856659793845,0.0010344411364517749,-0.002876817680137058,-0.004475533929137854
-0.08,-0.0037885744565104417,0.005026231103581205,-0.0010482872815036764,-0.0007335647809023401,-0.0024689670023198378,-0.0037783236179921575
-0.08125,-0.002776574201223748,0.0076022311607420595,0.0008837153225040445,-3.07078947628988e-06,0.0013146841896216066,-0.001677479746833646
-0.0825,-0.0011205741644774846,0.004750230864626184,-0.0018762852044010153,0.0011877136270271862,-0.002868573781732074,-0.004690128019276783
-0.08375,-0.0011205741644774846,0.00493423133437039,-0.0013242865891361227,0.001195071175210909,-0.002595773158154697,-0.004093346263008828
-0.085,-0.0016725741767262391,0.0076022311607420595,0.0001477134435272226,0.0008079860003550208,0.0013228924793498437,-0.0024939846743251906
-0.08625,-0.0031445742093895845,0.0036462308401286753,-0.0019682849736118307,-0.0002365366787296175,-0.004480770401279446,-0.004804953414907144
-0.0875,-0.0026845744320129327,0.008062230938118711,0.0006077122895812997,9.971250124992184e-05,0.0020034962644735616,-0.0020025398630002383
-0.08875,-0.0016725741767262391,0.004198231318038717,-0.0022442880065345755,0.0008305031127176826,-0.0036651462330685586,-0.005115726007124545
-0.09,-0.0016725741767262391,0.004198231318038717,-0.0022442880065345755,0.0008381073456057873,-0.003662439829389682,-0.005120799224517789
-0.09125,-0.001488574172643321,0.0037382315406620653,-0.0022442880065345755,0.000977258168301908,-0.004334900637443705,-0.005125927162162376
-0.0925,-0.001488574172643321,0.0037382315406620653,-0.0022442880065345755,0.000977258168301908,-0.004334900637443705,-0.005125927162162376
-0.09375,-0.001488574172643321,0.0037382315406620653,-0.0022442880065345755,0.000977258168301908,-0.004334900637443705,-0.005125927162162376
-0.095,-0.001488574172643321,0.0037382315406620653,-0.0022442880065345755,0.000977258168301908,-0.004334900637443705,-0.005125927162162376
-0.09625,-0.001488574172643321,0.0037382315406620653,-0.0022442880065345755,0.000977258168301908,-0.004334900637443705,-0.005125927162162376
-0.0975,-0.0017645744115983419,0.004106231548827902,-0.0024282875449562064,0.0008190143188506324,-0.003781358336741699,-0.005352912257506531
-0.09875,-0.0026845744320129327,0.003278230831962839,-0.0022442880065345755,0.00016947446247761976,-0.004993983818099575,-0.005157840310830032
-0.1,-0.0026845744320129327,0.003278230831962839,-0.0022442880065345755,0.00016947446247761976,-0.004993983818099575,-0.005157840310830032
-0.10125,-0.004064574229804175,0.005118230872792021,-0.0010482872815036764,-0.0008007156448315601,-0.0022880267710345265,-0.003865488150377211
-0.1025,-0.0010285743952666692,0.005118230872792021,-0.0014162863583469382,0.0013770841898883873,-0.0022853797423131768,-0.004272159894010766
-0.10375,-0.0010285743952666692,0.005118230872792021,-0.0014162863583469382,0.0013770841898883873,-0.0022853797423131768,-0.004272159894010766
-0.105,-0.0010285743952666692,0.005118230872792021,-0.0014162863583469382,0.0013852257473590105,-0.002282738651080505,-0.004277831923078332
-0.10625,-0.0010285743952666692,0.005118230872792021,-0.0014162863583469382,0.0013852257473590105,-0.002282738651080505,-0.004277831923078332
-0.1075,-0.0010285743952666692,0.005118230872792021,-0.0014162863583469382,0.0013852257473590105,-0.002282738651080505,-0.004277831923078332
-0.10875,-0.0010285743952666692,0.005118230872792021,-0.0014162863583469382,0.0013852257473590105,-0.002282738651080505,-0.004277831923078332
-0.11,-0.004156574464676278,0.005946231589657083,-0.0004962849409484854,-0.0008171794822246998,-0.0010569433228730385,-0.003298426033827441
-0.11125,-0.00194857441568126,0.0037382315406620653,-0.002336287775745391,0.0007691723278422224,-0.004295106112667514,-0.005309637593081326
-0.1125,-0.00194857441568126,0.0037382315406620653,-0.002336287775745391,0.0007691723278422224,-0.004295106112667514,-0.005309637593081326
-0.11375,-0.00194857441568126,0.0037382315406620653,-0.002336287775745391,0.0007946105436917217,-0.0042873075263378455,-0.005327786737202744
-0.115,-0.0036045744524275235,0.0076022311607420595,0.0005157125203704843,-0.0003802904810999777,0.0013866349815769702,-0.002225776249009062
-0.11625,-0.0037885744565104417,0.005210231573325411,-0.0006802882046604147,-0.0005031646323453414,-0.0021216220118252978,-0.0035354121540319763
-0.1175,-0.0025005744279300145,0.00355423107091786,-0.0022442880065345755,0.0004259880731039712,-0.004549626878200125,-0.005246155507657474
-0.11875,-0.0011205741644774846,0.005026231103581205,-0.0016922856659793845,0.0014209372006407732,-0.0023865409078700807,-0.004650892477928666
-0.12,-0.0011205741644774846,0.005026231103581205,-0.0016922856659793845,0.0014209372006407732,-0.0023865409078700807,-0.004650892477928666
-0.12125,-0.0015805744075154237,0.006866231144410387,-0.00040428517173767,0.0011009601687680514,0.0003166681572293606,-0.003253575100648262
-0.1225,-0.003880574225721257,0.005118230872792021,-0.0011402870507144919,-0.0005339430912151676,-0.0022463867796760073,-0.004062107506923429
-0.12375,-0.003052574440178769,0.004014230848294512,-0.002060284742822646,6.665672402935688e-05,-0.003864221832424842,-0.0050712202134331474
-0.125,-0.0018565741808091573,0.004106231548827902,-0.0022442880065345755,0.0009302987065921576,-0.003726643483052624,-0.005278278350897697
-0.12625,-0.001488574172643321,0.004658231095415369,-0.0019682849736118307,0.001202249855277554,-0.0029139097808465048,-0.004984072314910146
-0.1275,-0.0034205744483446054,0.008062230938118711,0.0010677148609256754,-0.00016946895737892428,0.0020848179838709423,-0.0016820152165979915
-0.12875,-0.003512574217555421,0.0076022311607420595,0.0006997120587921152,-0.0002170685801344656,0.0014147073137430327,-0.0020965032690022506
-0.13,-0.0037885744565104417,0.007510231391531244,0.0005157125203704843,-0.000405169426732019,0.0012821914595428502,-0.0023038267352624778
-0.13125,-0.00397257446059336,0.007234231152576223,0.00023971321273803803,-0.0005274745485061259,0.0008796051517249472,-0.0026114665487288677
-0.1325,-0.00397257446059336,0.007234231152576223,0.00023971321273803803,-0.000518235325694995,0.0008821096806119234,-0.002618368752141116
-0.13375,-0.002408574193057912,0.0036462308401286753,-0.00215228823732376,0.0006087785365628661,-0.004381649792505916,-0.005232173998513452
-0.135,-0.002408574193057912,0.0036462308401286753,-0.00215228823732376,0.0006181115804977481,-0.004379157108916905,-0.005239181706842129
-0.13625,-0.0013045741685604028,0.005578231581491247,-0.0013242865891361227,0.0014164755532624935,-0.0015409929732118875,-0.004343870685411255
-0.1375,-0.0013045741685604028,0.005578231581491247,-0.0013242865891361227,0.0014164755532624935,-0.0015409929732118875,-0.004343870685411255
-0.13875,-0.0013045741685604028,0.005210231573325411,-0.0018762852044010153,0.0014259019069385215,-0.0020786412266084603,-0.004952564303677527
-0.14,-0.001488574172643321,0.0036462308401286753,-0.00215228823732376,0.0013038774797180697,-0.004371714772332426,-0.0052605199791066065
-0.14125,-0.002408574193057912,0.0037382315406620653,-0.0022442880065345755,0.0006559100519087846,-0.004234213610383765,-0.005368001116684222
-0.1425,-0.003512574217555421,0.00493423133437039,-0.0014162863583469382,-0.0001235083032809373,-0.0024763312891495845,-0.004472899863407168
-0.14375,-0.003512574217555421,0.00493423133437039,-0.0014162863583469382,-0.0001042373578360881,-0.0024714231688246734,-0.004487596614068064
-0.145,-0.003512574217555421,0.008062230938118711,0.00033171298194885346,-9.453249863699718e-05,0.0021221187592983144,-0.0025900172328333707
-0.14625,-0.003512574217555421,0.008062230938118711,0.00033171298194885346,-9.453249863699718e-05,0.0021221187592983144,-0.0025900172328333707
-0.1475,-0.00259257419714083,0.007786231630486265,0.0005157125203704843,0.000572705429891848,0.0017194612015455357,-0.0023969689538717726
-0.14875,-0.0034205744483446054,0.007786231630486265,0.0005157125203704843,-9.235688987670534e-06,0.0017218944804976294,-0.0024044996102832936
-0.15,-0.0034205744483446054,0.006130231128078714,-0.0001282858641052237,1.0496580771061914e-05,-0.0007038373903954856,-0.0031215610067119037
-0.15125,-0.004064574229804175,0.006130231128078714,-0.0004962849409484854,-0.00043980935696770907,-0.0007014219239801986,-0.0035303010921631517
-0.1525,-0.004064574229804175,0.006130231128078714,-0.0004962849409484854,-0.00043980935696770907,-0.0007014219239801986,-0.0035303010921631517
-0.15375,-0.004156574464676278,0.006038231358867899,-0.0004962849409484854,-0.0004955773669717183,-0.0008340446531181073,-0.0035380389852578756
-0.155,-0.004156574464676278,0.006038231358867899,-0.00022028563331603912,-0.0004855509810564925,-0.0008316410616801689,-0.003245038085438849
-0.15625,-0.00397257446059336,0.006130231128078714,0.0005157125203704843,-0.0003439815847336627,-0.0006942111496663905,-0.002450771372483264
-0.1575,-0.002776574201223748,0.0076022311607420595,5.571367431640717e-05,0.000531032004523954,0.001471082474798359,-0.0029679252381229412
-0.15875,-0.002132574419764178,0.0076022311607420595,-0.00215228823732376,0.0010014812783737787,0.001473462316281593,-0.005382243869561439
-0.16,-0.002132574419764178,0.0076022311607420595,-0.00215228823732376,0.0010014812783737787,0.001473462316281593,-0.005382243869561439
-0.16125,-0.0018565741808091573,0.0037382315406620653,-0.0017842854351901999,0.0012089811066602315,-0.0041955186184335184,-0.00498923650612472
-0.1625,-0.002868574436095851,0.004382230856460348,-0.00040428517173767,0.0004960445003126005,-0.0032479248454760218,-0.003493382113094405
-0.16375,-0.004064574229804175,0.005946231589657083,0.00023971321273803803,-0.00034834432584431377,-0.0009500144293620415,-0.0027996866013560023
-0.165,-0.0023165744238470964,0.007510231391531244,-0.0015082861275577536,0.0009217042935468064,0.0013502402033031373,-0.00472114316816661
-0.16625,-0.0011205741644774846,0.004842231565159574,-0.00040428517173767,0.0017869165751911698,-0.0025633510361067757,-0.0035262832131373115
-0.1675,-0.00397257446059336,0.0064982311362445505,-0.00040428517173767,-0.0002407688302120182,-0.00013043211195375853,-0.0035346356193615494
-0.16875,-0.00397257446059336,0.0064982311362445505,-0.00040428517173767,-0.0002407688302120182,-0.00013043211195375853,-0.0035346356193615494
-0.17,-0.00397257446059336,0.0064982311362445505,-0.00040428517173767,-0.0002302000453818136,-0.0001280997704507028,-0.0035430387291948
-0.17125,-0.00397257446059336,0.0064982311362445505,-0.0001282858641052237,-0.0002195865745287101,-0.0001257733664363249,-0.003250702043313486
-0.1725,-0.00397257446059336,0.0064982311362445505,-0.0001282858641052237,-0.0002195865745287101,-0.0001257733664363249,-0.003250702043313486
-0.17375,-0.00397257446059336,0.0064982311362445505,-0.0001282858641052237,-0.0002195865745287101,-0.0001257733664363249,-0.003250702043313486
-0.175,-0.002132574419764178,0.007970231168907896,-0.0016922856659793845,0.0011382863783138495,0.002043989003766695,-0.004989500631948016
-0.17625,-0.003052574440178769,0.008154231638652101,0.0006077122895812997,0.0004916351561319397,0.002316350236466737,-0.0024916194360517993
-0.1775,-0.001488574172643321,0.004014230848294512,-0.0019682849736118307,0.0016202427927461212,-0.0037578105973541664,-0.005307752443905703
-0.17875,-0.001488574172643321,0.004014230848294512,-0.0019682849736118307,0.0016202427927461212,-0.0037578105973541664,-0.005307752443905703
-0.18,-0.003880574225721257,0.006774231375199571,0.00033171298194885346,-7.829917098445358e-05,0.000295441986174972,-0.0028099714281079533
-0.18125,-0.0017645744115983419,0.004014230848294512,-0.002060284742822646,0.0014559008861734215,-0.003750973857978724,-0.005434583262406485
-0.1825,-0.003880574225721257,0.007510231391531244,0.0004237127511596689,-4.5263148932742255e-05,0.001382518977529744,-0.0027364249385335854
-0.18375,-0.003880574225721257,0.007510231391531244,0.0004237127511596689,-4.5263148932742255e-05,0.001382518977529744,-0.0027364249385335854
-0.185,-0.0013045741685604028,0.004382230856460348,-0.0019682849736118307,0.0018067998473264562,-0.0032063167050956423,-0.005352280394924684
-0.18625,-0.0013045741685604028,0.004382230856460348,-0.0019682849736118307,0.0018067998473264562,-0.0032063167050956423,-0.005352280394924684
-0.1875,-0.003052574440178769,0.004106231548827902,-0.0016922856659793845,0.0005799050283979874,-0.0036069091086188693,-0.0050696490696270635
-0.18875,-0.001488574172643321,0.006590230905455366,-0.000956287512292861,0.0017088632754132284,4.1205138225218485e-05,-0.004276695048140898
-0.19,-0.003512574217555421,0.0076022311607420595,0.0008837153225040445,0.00028498332995351497,0.0015310287226731542,-0.0022898811063765956
-0.19125,-0.002868574436095851,0.003922231079083696,-0.0018762852044010153,0.0007565847581330878,-0.003868036133271361,-0.005307086877409328
-0.1925,-0.0015805744075154237,0.005302231342536226,-0.0011402870507144919,0.0016884702176523576,-0.0018403327331561782,-0.004514329766758689
-0.19375,-0.0015805744075154237,0.005302231342536226,-0.0011402870507144919,0.0016884702176523576,-0.0018403327331561782,-0.004514329766758689
-0.195,-0.0015805744075154237,0.005302231342536226,-0.0011402870507144919,0.0016999171097292092,-0.0018381191414974067,-0.004523729445167657
-0.19625,-0.0033285742134725026,0.004658231095415369,-0.0010482872815036764,0.00046218189288017766,-0.0027811372937789243,-0.004432914564911218
-0.1975,-0.0016725741767262391,0.004198231318038717,-0.0022442880065345755,0.0016571911823968942,-0.0034540968674200805,-0.0057458371310539005
-0.19875,-0.0016725741767262391,0.006590230905455366,-0.00022028563331603912,0.0016803854810810244,6.1127489223739e-05,-0.003559181776859703
-0.2,-0.0033285742134725026,0.008154231638652101,0.0006997120587921152,0.0005085701779761875,0.002358859780465128,-0.002566190384772571
-0.20125,-0.004064574229804175,0.0064982311362445505,-0.0001282858641052237,-5.715626495680741e-06,-6.954289804022781e-05,-0.003478253436338348
-0.2025,-0.003512574217555421,0.004750230864626184,-0.0012322868199253073,0.00040052274431943546,-0.0026329837720987723,-0.004691155269431334
-0.20375,-0.0018565741808091573,0.004106231548827902,-0.00215228823732376,0.0015957878201857257,-0.003576043486871794,-0.005703578425014774
-0.205,-0.0013045741685604028,0.005210231573325411,-0.0017842854351901999,0.002002110926385929,-0.001953496235907678,-0.005312361132170727
-0.20625,-0.0015805744075154237,0.00631423159782292,-0.0007722879738712302,0.0018167380475956805,-0.00033095492243225347,-0.004219347607501339
-0.2075,-0.0015805744075154237,0.00631423159782292,-0.0007722879738712302,0.001828653388092938,-0.00032880664321969025,-0.004229280270697633
-0.20875,-0.0026845744320129327,0.007786231630486265,0.0001477134435272226,0.001051626492176827,0.0018338518275364639,-0.0032366260918449477
-0.21,-0.003052574440178769,0.008062230938118711,0.0006997120587921152,0.0008006310923351777,0.0022410850059652217,-0.002645073597410945
-0.21125,-0.003052574440178769,0.008062230938118711,0.0006997120587921152,0.0008006310923351777,0.0022410850059652217,-0.002645073597410945
-0.2125,-0.003512574217555421,0.007786231630486265,0.0006077122895812997,0.0004839288788780396,0.0018381186985182152,-0.002755413109766562
-0.21375,-0.003696574221638339,0.007510231391531244,0.0006077122895812997,0.0003645146704054766,0.0014351464788735294,-0.0027655368681526182
-0.215,-0.003696574221638339,0.007510231391531244,0.0006077122895812997,0.0003766393973543619,0.0014372650705719373,-0.002775708006456927
-0.21625,-0.003696574221638339,0.007510231391531244,0.0006997120587921152,0.00040101357930891635,0.00144148444150273,-0.002695928917251983
-0.2175,-0.0033285742134725026,0.00787823139969708,0.0007917118280029306,0.0006762576164864482,0.001983714252993176,-0.002605978491626096
-0.21875,-0.0031445742093895845,0.007970231168907896,0.0006077122895812997,0.000820045604027618,0.0021208413528013906,-0.002816865589246667
-0.22,-0.002868574436095851,0.00787823139969708,0.0006997120587921152,0.0010296235233854152,0.001987897998991916,-0.002727009271472257
-0.22125,-0.002868574436095851,0.00787823139969708,0.0006997120587921152,0.001041996518023525,0.0019899809657582743,-0.002737463329696453
-0.2225,-0.002868574436095851,0.00787823139969708,0.0006997120587921152,0.001041996518023525,0.0019899809657582743,-0.002737463329696453
-0.22375,-0.0016725741767262391,0.00631423159782292,-0.0007722879738712302,0.0019091435531021928,-0.00030349039206082826,-0.00435217975840177
-0.225,-0.0013045741685604028,0.005026231103581205,-0.0013242865891361227,0.0021845933317085954,-0.002191870913175041,-0.004964308156357206
-0.22625,-0.0018565741808091573,0.0037382315406620653,-0.0019682849736118307,0.001802597069725945,-0.004080257371777935,-0.005676746624821906
-0.2275,-0.0018565741808091573,0.0037382315406620653,-0.0019682849736118307,0.0018151337314355844,-0.004078198154966281,-0.005687387276527123
-0.22875,-0.00397257446059336,0.006406231367033735,-0.0001282858641052237,0.0003281092668064585,-0.00015816202556717673,-0.0037035383170699876
-0.23,-0.00397257446059336,0.006406231367033735,-0.0001282858641052237,0.0003281092668064585,-0.00015816202556717673,-0.0037035383170699876
-0.23125,-0.002408574193057912,0.007510231391531244,5.571367431640717e-05,0.0014584954461843232,0.0014642664754818749,-0.0035137908850060226
-0.2325,-0.0018565741808091573,0.004106231548827902,-0.0019682849736118307,0.0018784255621501294,-0.003527862076821549,-0.005741284449603458
-0.23375,-0.0018565741808091573,0.004106231548827902,-0.0019682849736118307,0.0018784255621501294,-0.003527862076821549,-0.005741284449603458
-0.235,-0.0018565741808091573,0.004106231548827902,-0.0019682849736118307,0.0018784255621501294,-0.003527862076821549,-0.005741284449603458
-0.23625,-0.0029605742053066663,0.007510231391531244,0.0006997120587921152,0.001127899566977046,0.0014743844345260042,-0.0028665332025532633
-0.2375,-0.0029605742053066663,0.007510231391531244,0.0006997120587921152,0.001127899566977046,0.0014743844345260042,-0.0028665332025532633
-0.23875,-0.003236574444261687,0.004658231095415369,-0.0015082861275577536,0.0009564921390402409,-0.0027076099442770764,-0.005295010780315371
-0.24,-0.003236574444261687,0.004658231095415369,-0.0015082861275577536,0.0009564921390402409,-0.0027076099442770764,-0.005295010780315371
-0.24125,-0.00397257446059336,0.007694230929952875,0.0005157125203704843,0.00044348157820972654,0.001750448476217411,-0.0031003595347722304
-0.2425,-0.00194857441568126,0.006958230913621202,-0.00031228540252685455,0.001902971384882957,0.0006721783785780533,-0.0040139211751605425
-0.24375,-0.00194857441568126,0.0036462308401286753,-0.002060284742822646,0.001916029524768298,-0.004187000882356434,-0.005930162657960203
-0.245,-0.0037885744565104417,0.007694230929952875,0.0005157125203704843,0.0006141534390230376,0.0017563945879031928,-0.0031340660439490367
-0.24625,-0.0018565741808091573,0.006866231144410387,-0.00040428517173767,0.0020211890416500385,0.0005450386365138116,-0.004159396332919341
-0.2475,-0.0018565741808091573,0.006866231144410387,-0.00040428517173767,0.0020211890416500385,0.0005450386365138116,-0.004159396332919341
-0.24875,-0.0036045744524275235,0.007510231391531244,0.0006077122895812997,0.0007851792236657955,0.001492222722328046,-0.0030679129681621536
-0.25,-0.0036045744524275235,0.007510231391531244,0.0006077122895812997,0.0007851792236657955,0.001492222722328046,-0.0030679129681621536
