force (kg),x_mag,y_mag,z_mag
0.0,-1.8409633507850826e-05,7.359258064516816e-05,-0.00011028982035931126
0.00472,-1.8409633507850826e-05,7.359258064516816e-05,-0.00011028982035931126
0.00944,-1.8409633507850826e-05,7.359258064516816e-05,-0.00011028982035931126
0.014159999999999999,-1.8409633507850826e-05,-6.143967741934798e-05,0.00029076407185625597
0.01888,-1.8409633507850826e-05,-6.143967741934798e-05,0.00029076407185625597
0.0236,-1.8409633507850826e-05,-6.143967741934798e-05,0.00029076407185625597
0.028319999999999998,4.7339057591625454e-05,-6.143967741934798e-05,-0.00011028982035931126
0.03304,-0.0002814043979057568,-0.00019647193548386413,-0.00011028982035931126
0.03776,-0.0004786504712041865,0.00020862483870968777,0.00029076407185625597
0.04248,-8.41583246073271e-05,7.359258064516816e-05,0.0010928718562873939
0.0472,-0.0006101478534031391,-0.0003315041935483803,0.0007920814371257176
0.051919999999999994,-0.0006101478534031391,-0.0003315041935483803,0.0007920814371257176
0.056639999999999996,-0.0006101478534031391,-0.0003315041935483803,0.0007920814371257176
0.06135999999999999,-0.0006101478534031391,-0.0003315041935483803,0.0007920814371257176
0.06608,-0.0006101478534031391,-0.0003315041935483803,0.0007920814371257176
0.07079999999999999,-0.0006101478534031391,-0.0003315041935483803,0.0007920814371257176
0.07552,-0.0006101478534031391,-0.0003315041935483803,0.0007920814371257176
0.08024,-0.0006101478534031391,-0.0003315041935483803,0.0007920814371257176
0.08496,-0.0009388913089005213,-0.0003315041935483803,-0.00011028982035931126
0.08968,-0.0009388913089005213,-0.0003315041935483803,-0.00011028982035931126
0.0944,-0.0009388913089005213,-0.0003315041935483803,-0.00011028982035931126
0.09912,-0.0009388913089005213,-0.0003315041935483803,-0.00011028982035931126
0.10383999999999999,-0.0009388913089005213,-0.0003315041935483803,-0.00011028982035931126
0.10855999999999999,-1.8409633507850826e-05,0.00020862483870968777,0.00029076407185625597
0.11327999999999999,-1.8409633507850826e-05,0.00020862483870968777,0.00029076407185625597
0.118,-1.8409633507850826e-05,0.00020862483870968777,0.00029076407185625597
0.12271999999999998,-0.0010046399999999985,-0.0003315041935483803,0.0004912910179640413
0.12744,-0.0006101478534031391,-6.143967741934798e-05,0.000992608383233503
0.13216,-8.41583246073271e-05,0.00020862483870968777,0.0007920814371257176
0.13688,-8.41583246073271e-05,0.00020862483870968777,0.0007920814371257176
0.14159999999999998,-8.41583246073271e-05,0.00020862483870968777,0.0007920814371257176
0.14631999999999998,-8.41583246073271e-05,0.00020862483870968777,0.0007920814371257176
0.15104,-0.0002814043979057568,-6.143967741934798e-05,-0.00011028982035931126
0.15576,-0.0002814043979057568,-6.143967741934798e-05,-0.00011028982035931126
0.16048,-0.001333383455497379,-0.0003315041935483803,0.0011931353293412883
0.1652,-0.001333383455497379,-0.0003315041935483803,0.0011931353293412883
0.16992,-0.001333383455497379,-0.0003315041935483803,0.0011931353293412883
0.17464,-0.0008073939267015688,-0.00019647193548386413,-1.0026347305423788e-05
0.17936,-0.00041290178010471024,7.359258064516816e-05,0.0007920814371257176
0.18408,-0.0004786504712041865,0.00020862483870968777,0.0010928718562873939
0.1888,-1.8409633507850826e-05,0.0003436570967742039,9.023712574847062e-05
0.19352,-0.0005443991623036628,7.359258064516816e-05,9.023712574847062e-05
0.19824,-0.0013991321465968562,-0.0003315041935483803,0.0007920814371257176
0.20295999999999997,-0.0010046399999999985,-6.143967741934798e-05,0.000892344910179612
0.20767999999999998,-0.0010046399999999985,-6.143967741934798e-05,0.000892344910179612
0.21239999999999998,-0.0010046399999999985,-6.143967741934798e-05,0.000892344910179612
0.21711999999999998,-0.0010046399999999985,-6.143967741934798e-05,0.000892344910179612
0.22183999999999998,-0.0010046399999999985,-6.143967741934798e-05,0.000892344910179612
0.22655999999999998,-0.00014990701570680425,0.00020862483870968777,0.0003910275449101469
0.23127999999999999,-0.00014990701570680425,0.00020862483870968777,0.0003910275449101469
0.236,-0.00014990701570680425,0.00020862483870968777,0.0003910275449101469
0.24071999999999996,-0.00014990701570680425,0.00020862483870968777,0.0005915544910179323
0.24543999999999996,-0.00014990701570680425,0.00020862483870968777,0.00019050059880236156
0.25016,-0.00021565570680628053,-6.143967741934798e-05,-0.00011028982035931126
0.25488,-0.0003471530890052331,-6.143967741934798e-05,-0.00011028982035931126
0.2596,-0.0003471530890052331,-6.143967741934798e-05,-0.00011028982035931126
0.26432,-0.0003471530890052331,-0.0003315041935483803,0.000892344910179612
0.26904,-0.0015306295287958096,-0.0003315041935483803,0.000892344910179612
0.27376,-0.0015306295287958096,7.359258064516816e-05,9.023712574847062e-05
0.27847999999999995,-0.0008731426178010451,-0.00019647193548386413,0.000992608383233503
0.28319999999999995,-0.0008731426178010451,-0.00019647193548386413,0.000992608383233503
0.28791999999999995,-8.41583246073271e-05,0.00020862483870968777,0.000992608383233503
0.29263999999999996,-8.41583246073271e-05,0.00020862483870968777,0.000992608383233503
0.29736,-8.41583246073271e-05,0.00020862483870968777,0.000992608383233503
0.30208,-0.0009388913089005213,0.00020862483870968777,0.000992608383233503
0.3068,-0.0009388913089005213,0.00020862483870968777,9.023712574847062e-05
0.31152,-0.0009388913089005213,0.00020862483870968777,9.023712574847062e-05
0.31624,-0.0009388913089005213,0.00020862483870968777,9.023712574847062e-05
0.32096,-0.0009388913089005213,0.00020862483870968777,9.023712574847062e-05
0.32568,-0.0009388913089005213,0.00020862483870968777,9.023712574847062e-05
0.3304,-0.001136137382198951,7.359258064516816e-05,0.0010928718562873939
0.33512,-0.0008073939267015688,0.00020862483870968777,-1.0026347305423788e-05
0.33984,-0.0005443991623036628,7.359258064516816e-05,-1.0026347305423788e-05
0.34456,-0.0005443991623036628,7.359258064516816e-05,-1.0026347305423788e-05
0.34928,-0.0013991321465968562,-6.143967741934798e-05,0.000892344910179612
0.354,-0.0013991321465968562,-6.143967741934798e-05,0.000892344910179612
0.35872,-0.0013991321465968562,-6.143967741934798e-05,0.000892344910179612
0.36344,-0.0013991321465968562,-6.143967741934798e-05,0.000892344910179612
0.36816,-0.0013991321465968562,0.0004786893548387166,-0.0006116071856287729
0.37288,-0.0005443991623036628,0.0004786893548387166,-0.0006116071856287729
0.3776,-0.0005443991623036628,0.0004786893548387166,-0.0006116071856287729
0.38232,-0.0005443991623036628,0.0004786893548387166,-0.0006116071856287729
0.38704,-0.0005443991623036628,0.0004786893548387166,-0.0006116071856287729
0.39176,-0.0005443991623036628,0.0004786893548387166,-0.0006116071856287729
0.39648,-0.0005443991623036628,0.0004786893548387166,-0.0006116071856287729
0.4012,-0.0005443991623036628,0.00020862483870968777,0.0004912910179640413
0.40591999999999995,-0.00041290178010471024,0.0003436570967742039,0.00029076407185625597
0.41063999999999995,-0.0005443991623036628,0.0006137216129032327,-0.0003108167664670966
0.41535999999999995,-0.0005443991623036628,0.0006137216129032327,-0.0003108167664670966
0.42007999999999995,-0.0005443991623036628,0.0006137216129032327,-0.0003108167664670966
0.42479999999999996,-0.0003471530890052331,0.0004786893548387166,9.023712574847062e-05
0.42951999999999996,-0.0006758965445026154,0.0003436570967742039,0.0004912910179640413
0.43423999999999996,-0.0017278756020942376,-0.0003315041935483803,0.000892344910179612
0.43895999999999996,-0.0017278756020942376,-0.0003315041935483803,0.000892344910179612
0.44367999999999996,-0.0017278756020942376,-0.0003315041935483803,0.000892344910179612
0.44839999999999997,-0.0017278756020942376,-6.143967741934798e-05,-0.0003108167664670966
0.45311999999999997,-0.0016621269109947621,-0.00019647193548386413,0.00019050059880236156
0.45783999999999997,-0.0016621269109947621,-0.00019647193548386413,0.00019050059880236156
0.46255999999999997,-0.0016621269109947621,-0.00019647193548386413,0.00019050059880236156
0.46728,-0.0016621269109947621,-0.00019647193548386413,0.00019050059880236156
0.472,-0.0016621269109947621,-6.143967741934798e-05,0.0004912910179640413
0.47672000000000003,-0.0004786504712041865,0.0003436570967742039,0.0003910275449101469
0.4814399999999999,-0.0010046399999999985,7.359258064516816e-05,-0.0003108167664670966
0.4861599999999999,-0.0010046399999999985,7.359258064516816e-05,-0.0003108167664670966
0.4908799999999999,-0.0010046399999999985,7.359258064516816e-05,-0.0003108167664670966
0.49559999999999993,-0.0015306295287958096,7.359258064516816e-05,0.0006918179640718267
0.50032,-0.0015306295287958096,7.359258064516816e-05,9.023712574847062e-05
0.5050399999999999,-0.0006101478534031391,0.0004786893548387166,-1.0026347305423788e-05
0.50976,-0.0015306295287958096,-6.143967741934798e-05,0.0006918179640718267
0.5144799999999999,-0.0013991321465968562,7.359258064516816e-05,-0.00011028982035931126
0.5192,-0.0013991321465968562,7.359258064516816e-05,-0.00011028982035931126
0.5239199999999999,-0.0013991321465968562,7.359258064516816e-05,-0.00011028982035931126
0.52864,-0.0010046399999999985,0.00020862483870968777,0.0005915544910179323
0.53336,-0.0016621269109947621,7.359258064516816e-05,-0.00021055329341320567
0.53808,-0.0016621269109947621,7.359258064516816e-05,-0.00021055329341320567
0.5428,-0.0017278756020942376,-6.143967741934798e-05,0.0005915544910179323
0.54752,-0.0009388913089005213,0.0004786893548387166,-0.0003108167664670966
0.55224,-0.0009388913089005213,0.0004786893548387166,-0.0003108167664670966
0.5569599999999999,-0.0009388913089005213,0.0004786893548387166,-0.0003108167664670966
0.56168,-0.0009388913089005213,0.0004786893548387166,-0.0003108167664670966
0.5663999999999999,-0.0016621269109947621,7.359258064516816e-05,0.0004912910179640413
0.57112,-0.0016621269109947621,7.359258064516816e-05,0.0004912910179640413
0.5758399999999999,-0.0016621269109947621,7.359258064516816e-05,0.0004912910179640413
0.58056,-0.001596378219895285,7.359258064516816e-05,0.0005915544910179323
0.5852799999999999,-0.001596378219895285,7.359258064516816e-05,0.0005915544910179323
0.59,-0.001596378219895285,7.359258064516816e-05,0.0005915544910179323
0.59472,-0.001596378219895285,7.359258064516816e-05,0.0005915544910179323
0.59944,-0.001596378219895285,7.359258064516816e-05,0.0005915544910179323
0.60416,-0.0017278756020942376,0.0003436570967742039,-0.00021055329341320567
0.60888,-0.0017278756020942376,0.0003436570967742039,-0.00021055329341320567
0.6136,-0.0013991321465968562,0.0004786893548387166,-0.000511343712574882
0.61832,-0.0013991321465968562,0.0004786893548387166,-0.000511343712574882
0.62304,-0.0015306295287958096,0.0003436570967742039,0.0004912910179640413
0.62776,-0.0015306295287958096,0.00020862483870968777,0.0006918179640718267
0.63248,-0.0017936242931937147,7.359258064516816e-05,0.00029076407185625597
0.6372,-0.0019908703664921444,7.359258064516816e-05,0.00029076407185625597
0.64192,-0.0019908703664921444,-6.143967741934798e-05,9.023712574847062e-05
0.64664,-0.0023196138219895267,0.000883786129032265,-0.00011028982035931126
0.65136,-0.0008731426178010451,0.0007487538709677489,9.023712574847062e-05
0.65608,-0.0012018860732984265,0.0007487538709677489,9.023712574847062e-05
0.6608,-0.0012018860732984265,0.0006137216129032327,-0.000511343712574882
0.6655199999999999,-0.0012018860732984265,0.0006137216129032327,-0.000511343712574882
0.67024,-0.00205661905759162,0.0003436570967742039,9.023712574847062e-05
0.6749599999999999,-0.00205661905759162,0.0003436570967742039,9.023712574847062e-05
0.67968,-0.00205661905759162,0.0006137216129032327,-0.00041108023952098754
0.6843999999999999,-0.00205661905759162,0.0006137216129032327,-0.00041108023952098754
0.68912,-0.0023196138219895267,7.359258064516816e-05,-1.0026347305423788e-05
0.6938399999999999,-0.0023196138219895267,0.0004786893548387166,0.0003910275449101469
0.69856,-0.001333383455497379,0.0004786893548387166,0.0003910275449101469
0.7032799999999999,-0.001333383455497379,0.0004786893548387166,9.023712574847062e-05
0.708,-0.0024511112041884792,7.359258064516816e-05,9.023712574847062e-05
0.7127199999999999,-0.0024511112041884792,7.359258064516816e-05,0.00029076407185625597
0.71744,-0.0023196138219895267,7.359258064516816e-05,0.00029076407185625597
0.7221599999999999,-0.0023196138219895267,7.359258064516816e-05,0.00029076407185625597
0.72688,-0.0023196138219895267,7.359258064516816e-05,0.00029076407185625597
0.7315999999999999,-0.0023196138219895267,7.359258064516816e-05,0.00029076407185625597
0.73632,-0.0025168598952879564,0.00020862483870968777,0.00019050059880236156
0.7410399999999999,-0.0025168598952879564,0.00020862483870968777,0.00019050059880236156
0.74576,-0.0025168598952879564,0.00020862483870968777,0.00019050059880236156
0.7504799999999999,-0.0025168598952879564,0.00020862483870968777,0.00019050059880236156
0.7552,-0.0025168598952879564,0.00020862483870968777,0.00019050059880236156
0.7599199999999999,-0.0019908703664921444,0.0004786893548387166,-0.0006116071856287729
0.76464,-0.0019908703664921444,0.0004786893548387166,-0.0006116071856287729
0.7693599999999999,-0.0019908703664921444,0.0004786893548387166,-0.0006116071856287729
0.77408,-0.0019908703664921444,0.0004786893548387166,-0.0006116071856287729
0.7788,-0.0019908703664921444,0.0003436570967742039,0.00019050059880236156
0.78352,-0.0022538651308900495,0.0007487538709677489,-1.0026347305423788e-05
0.78824,-0.0015306295287958096,0.0007487538709677489,-1.0026347305423788e-05
0.79296,-0.0015306295287958096,0.000883786129032265,-0.00041108023952098754
0.7976800000000001,-0.001136137382198951,0.0003436570967742039,0.00029076407185625597
0.8024,-0.002582608586387432,0.00020862483870968777,0.00029076407185625597
0.8071200000000001,-0.002648357277486909,0.00020862483870968777,0.00029076407185625597
0.8118399999999999,-0.002648357277486909,0.000883786129032265,-0.0003108167664670966
0.8165599999999998,-0.0014648808376963324,0.000883786129032265,-0.0003108167664670966
0.8212799999999999,-0.0014648808376963324,0.000883786129032265,-0.0003108167664670966
0.826,-0.0013991321465968562,0.000883786129032265,-0.00021055329341320567
0.8307199999999999,0.014314805026178011,0.0004786893548387166,-0.0009123976047904492
0.83544,-0.0031085981151832438,0.0004786893548387166,-0.00041108023952098754
0.8401599999999999,-0.0017936242931937147,0.001153850645161299,-0.00041108023952098754
0.84488,-0.0017936242931937147,0.001153850645161299,-0.00041108023952098754
0.8495999999999999,-0.002122367748691097,0.0007487538709677489,0.0003910275449101469
0.85432,-0.0030428494240837684,0.0007487538709677489,-0.00011028982035931126
0.8590399999999999,-0.0030428494240837684,0.0007487538709677489,-0.00011028982035931126
0.86376,-0.0022538651308900495,0.0007487538709677489,-0.00011028982035931126
0.8684799999999999,-0.0022538651308900495,0.0007487538709677489,-0.00011028982035931126
0.8732,-0.0022538651308900495,0.0007487538709677489,-0.00011028982035931126
0.8779199999999999,-0.0016621269109947621,0.000883786129032265,-0.0003108167664670966
0.88264,-0.0016621269109947621,0.000883786129032265,-0.0003108167664670966
0.8873599999999999,-0.0016621269109947621,0.000883786129032265,-0.0003108167664670966
0.89208,-0.002714105968586386,0.0007487538709677489,0.00019050059880236156
0.8967999999999999,-0.0027798546596858615,0.0007487538709677489,0.00019050059880236156
0.90152,-0.0027798546596858615,0.0007487538709677489,0.00019050059880236156
0.9062399999999999,-0.0027798546596858615,0.000883786129032265,-0.0009123976047904492
0.91096,-0.0027798546596858615,0.000883786129032265,-0.0009123976047904492
0.9156799999999999,-0.0027798546596858615,0.000883786129032265,-0.0009123976047904492
0.9204,-0.003174346806282719,0.0003436570967742039,-0.0011129245508982345
0.9251199999999999,-0.003174346806282719,0.0003436570967742039,-0.0011129245508982345
0.92984,-0.0033058441884816735,0.0004786893548387166,-0.000511343712574882
0.93456,-0.0033058441884816735,0.0004786893548387166,-0.000511343712574882
0.93928,-0.00205661905759162,0.001018818387096783,-0.00041108023952098754
0.944,-0.00205661905759162,0.001018818387096783,-0.00041108023952098754
0.94872,-0.00205661905759162,0.001018818387096783,-0.00041108023952098754
0.9534400000000001,-0.00205661905759162,0.001018818387096783,-0.00041108023952098754
0.95816,-0.00205661905759162,0.0012888829032258152,-0.0003108167664670966
0.9628799999999998,-0.00205661905759162,0.0012888829032258152,-0.0003108167664670966
0.9675999999999999,-0.00205661905759162,0.0012888829032258152,-0.0008121341317365582
0.9723199999999999,-0.00205661905759162,0.0012888829032258152,-0.0008121341317365582
0.9770399999999999,-0.00205661905759162,0.0012888829032258152,-0.0008121341317365582
0.9817599999999999,-0.00205661905759162,0.0012888829032258152,-0.0008121341317365582
0.9864799999999999,-0.003174346806282719,0.001018818387096783,-0.0013134514970060164
0.9911999999999999,-0.002648357277486909,0.001018818387096783,-0.0011129245508982345
0.9959199999999999,-0.002648357277486909,0.001018818387096783,-0.0011129245508982345
1.00064,-0.002648357277486909,0.001018818387096783,-0.0011129245508982345
1.00536,-0.0036345876439790557,0.000883786129032265,-0.0008121341317365582
1.0100799999999999,-0.0036345876439790557,0.000883786129032265,-0.0008121341317365582
1.0148,-0.0036345876439790557,0.000883786129032265,-0.0008121341317365582
1.01952,-0.0022538651308900495,0.0014239151612903313,-0.0008121341317365582
1.02424,-0.0025168598952879564,0.0015589474193548475,-0.0007118706586826673
1.0289599999999999,-0.0025168598952879564,0.001018818387096783,-0.0009123976047904492
1.03368,-0.0035030902617801014,0.001018818387096783,-0.0011129245508982345
1.0384,-0.0035030902617801014,0.001018818387096783,-0.0011129245508982345
1.04312,-0.0035030902617801014,0.001018818387096783,-0.0011129245508982345
1.0478399999999999,-0.0035030902617801014,0.001018818387096783,-0.0011129245508982345
1.05256,-0.002648357277486909,0.0015589474193548475,-0.0013134514970060164
1.05728,-0.002582608586387432,0.001153850645161299,-0.0008121341317365582
1.062,-0.0035030902617801014,0.001018818387096783,-0.0009123976047904492
1.06672,-0.0035030902617801014,0.001018818387096783,-0.0009123976047904492
1.07144,-0.0035030902617801014,0.0016939796774193636,-0.00041108023952098754
1.07616,-0.0027798546596858615,0.001153850645161299,-0.0012131880239521255
1.08088,-0.0027798546596858615,0.001153850645161299,-0.0012131880239521255
1.0856,-0.0027798546596858615,0.001153850645161299,-0.0012131880239521255
1.09032,-0.0033058441884816735,0.0016939796774193636,-0.0006116071856287729
1.09504,-0.0033058441884816735,0.0016939796774193636,-0.0006116071856287729
1.09976,-0.0033058441884816735,0.0016939796774193636,-0.0006116071856287729
1.10448,-0.0040948284816753906,0.001153850645161299,-0.0007118706586826673
1.1092,-0.0040948284816753906,0.001153850645161299,-0.0007118706586826673
1.1139199999999998,-0.0040948284816753906,0.001153850645161299,-0.0007118706586826673
1.1186399999999999,-0.0040948284816753906,0.001153850645161299,-0.0007118706586826673
1.12336,-0.003437341570680626,0.001153850645161299,-0.0007118706586826673
1.12808,-0.003437341570680626,0.001153850645161299,-0.0007118706586826673
1.1327999999999998,-0.003437341570680626,0.001153850645161299,-0.0007118706586826673
1.1375199999999999,-0.004357823246073296,0.001153850645161299,-0.000511343712574882
1.14224,-0.004357823246073296,0.001153850645161299,-0.000511343712574882
1.14696,-0.003437341570680626,0.0014239151612903313,-0.0009123976047904492
1.1516799999999998,-0.003437341570680626,0.0014239151612903313,-0.0009123976047904492
1.1563999999999999,-0.0029771007329842895,0.001964044193548396,-0.0009123976047904492
1.16112,-0.0029771007329842895,0.001964044193548396,-0.0009123976047904492
1.16584,-0.003897582408376961,0.0018290119354838798,-0.0017145053892215906
1.1705599999999998,-0.003897582408376961,0.0018290119354838798,-0.0017145053892215906
1.1752799999999999,-0.003897582408376961,0.0018290119354838798,-0.0017145053892215906
1.18,-0.003897582408376961,0.0018290119354838798,-0.0017145053892215906
1.18472,-0.003897582408376961,0.0018290119354838798,-0.0017145053892215906
1.18944,-0.003897582408376961,0.0018290119354838798,-0.0017145053892215906
1.1941599999999999,-0.004160577172774868,0.0015589474193548475,-0.002115559281437158
1.19888,-0.004160577172774868,0.0015589474193548475,-0.0016142419161676962
1.2036,-0.003700336335078531,0.0018290119354838798,-0.0016142419161676962
1.20832,-0.003700336335078531,0.0018290119354838798,-0.0010126610778443401
1.21304,-0.003700336335078531,0.0018290119354838798,-0.0010126610778443401
1.21776,-0.004949561465968585,0.0012888829032258152,-0.0007118706586826673
1.22248,-0.003700336335078531,0.0016939796774193636,-0.0007118706586826673
1.2272,-0.003700336335078531,0.0016939796774193636,-0.0007118706586826673
1.23192,-0.003700336335078531,0.0016939796774193636,-0.0007118706586826673
1.23664,-0.004620818010471201,0.0018290119354838798,-0.0011129245508982345
1.24136,-0.004620818010471201,0.0018290119354838798,-0.0011129245508982345
1.24608,-0.004620818010471201,0.0018290119354838798,-0.0011129245508982345
1.2508,-0.004620818010471201,0.0018290119354838798,-0.0011129245508982345
1.25552,-0.004029079790575913,0.0015589474193548475,-0.0016142419161676962
1.26024,-0.004226325863874343,0.0014239151612903313,-0.0011129245508982345
1.26496,-0.005081058848167537,0.001964044193548396,-0.0022158227544910487
1.26968,-0.004357823246073296,0.0018290119354838798,-0.002316086227544943
1.2744,-0.004357823246073296,0.0018290119354838798,-0.002316086227544943
1.27912,-0.004423571937172773,0.0025041732258064605,-0.0015139784431138018
1.28384,-0.0029771007329842895,0.002234108709677428,-0.002015295808383267
1.28856,-0.0029771007329842895,0.002234108709677428,-0.002015295808383267
1.29328,-0.0029771007329842895,0.002234108709677428,-0.002015295808383267
1.298,-0.0029771007329842895,0.002234108709677428,-0.002015295808383267
1.30272,-0.005081058848167537,0.002099076451612912,-0.0015139784431138018
1.30744,-0.005081058848167537,0.002099076451612912,-0.0015139784431138018
1.31216,-0.005081058848167537,0.0016939796774193636,-0.0019150323353293724
1.31688,-0.004423571937172773,0.001964044193548396,-0.0013134514970060164
1.3216,-0.004226325863874343,0.001964044193548396,-0.0013134514970060164
1.3263200000000002,-0.004226325863874343,0.0016939796774193636,-0.002316086227544943
1.3310399999999998,-0.004226325863874343,0.0016939796774193636,-0.002316086227544943
1.3357599999999998,-0.004818064083769632,0.0016939796774193636,-0.0013134514970060164
1.34048,-0.0035688389528795786,0.002234108709677428,-0.0013134514970060164
1.3451999999999997,-0.004883812774869108,0.002234108709677428,-0.0019150323353293724
1.3499199999999998,-0.00429207455497382,0.0018290119354838798,-0.002115559281437158
1.3546399999999998,-0.005146807539267013,0.002774237741935491,-0.0016142419161676962
1.35936,-0.004686566701570678,0.0023691409677419444,-0.002015295808383267
1.3640799999999997,-0.004686566701570678,0.0023691409677419444,-0.002015295808383267
1.3687999999999998,-0.005607048376963349,0.001964044193548396,-0.002316086227544943
1.3735199999999999,-0.005278304921465965,0.0026392054838709766,-0.0016142419161676962
1.37824,-0.005870043141361256,0.0023691409677419444,-0.002115559281437158
1.3829599999999997,-0.004226325863874343,0.0025041732258064605,-0.002416349700598834
1.3876799999999998,-0.004226325863874343,0.0025041732258064605,-0.002416349700598834
1.3923999999999999,-0.005344053612565444,0.002099076451612912,-0.0025166131736527285
1.39712,-0.004883812774869108,0.0023691409677419444,-0.0019150323353293724
1.4018399999999998,-0.00501531015706806,0.002099076451612912,-0.0017145053892215906
1.4065599999999998,-0.005146807539267013,0.0026392054838709766,-0.002416349700598834
1.4112799999999999,-0.00540980230366492,0.0023691409677419444,-0.002015295808383267
1.416,-0.00540980230366492,0.0023691409677419444,-0.002015295808383267
1.42072,-0.00540980230366492,0.0023691409677419444,-0.002015295808383267
1.4254399999999998,-0.00540980230366492,0.0023691409677419444,-0.002015295808383267
1.4301599999999999,-0.00501531015706806,0.002774237741935491,-0.002115559281437158
1.43488,-0.00501531015706806,0.002774237741935491,-0.002115559281437158
1.4396,-0.005672797068062825,0.002234108709677428,-0.0029176670658682957
1.4443199999999998,-0.006067289214659684,0.0018290119354838798,-0.001814768862275478
1.4490399999999999,-0.006067289214659684,0.0018290119354838798,-0.001814768862275478
1.45376,-0.006067289214659684,0.0018290119354838798,-0.001814768862275478
1.45848,-0.005146807539267013,0.002909270000000007,-0.002115559281437158
1.4631999999999998,-0.006593278743455496,0.0018290119354838798,-0.0022158227544910487
1.46792,-0.0057385457591623,0.002774237741935491,-0.0026168766467066194
1.47264,-0.0057385457591623,0.002774237741935491,-0.0026168766467066194
1.47736,-0.0066590274345549715,0.002099076451612912,-0.0026168766467066194
1.4820799999999998,-0.0066590274345549715,0.002099076451612912,-0.0026168766467066194
1.4868,-0.0066590274345549715,0.002099076451612912,-0.0026168766467066194
1.49152,-0.005672797068062825,0.0026392054838709766,-0.0019150323353293724
1.49624,-0.00429207455497382,0.0030443022580645233,-0.0028174035928144013
1.5009599999999998,-0.00429207455497382,0.0030443022580645233,-0.0028174035928144013
1.50568,-0.006067289214659684,0.0026392054838709766,-0.0028174035928144013
1.5104,-0.006067289214659684,0.0026392054838709766,-0.0028174035928144013
1.51512,-0.006067289214659684,0.0026392054838709766,-0.0028174035928144013
1.5198399999999999,-0.006067289214659684,0.0026392054838709766,-0.0028174035928144013
1.52456,-0.00501531015706806,0.002774237741935491,-0.002015295808383267
1.52928,-0.00501531015706806,0.002774237741935491,-0.002015295808383267
1.534,-0.00501531015706806,0.002774237741935491,-0.002015295808383267
1.5387199999999999,-0.00501531015706806,0.002774237741935491,-0.002015295808383267
1.54344,-0.006461781361256542,0.0030443022580645233,-0.003218457485029972
1.54816,-0.006067289214659684,0.0030443022580645233,-0.002416349700598834
1.55288,-0.006067289214659684,0.0030443022580645233,-0.002015295808383267
1.5576,-0.006593278743455496,0.0026392054838709766,-0.0029176670658682957
1.56232,-0.005935791832460732,0.0037194635483871075,-0.0029176670658682957
1.56704,-0.005935791832460732,0.0037194635483871075,-0.0029176670658682957
1.57176,-0.005870043141361256,0.002774237741935491,-0.0028174035928144013
1.57648,-0.005870043141361256,0.002774237741935491,-0.0028174035928144013
1.5812,-0.005870043141361256,0.002774237741935491,-0.0028174035928144013
1.58592,-0.006198786596858637,0.0026392054838709766,-0.003318720958083863
1.59064,-0.006198786596858637,0.002774237741935491,-0.002316086227544943
1.5953600000000001,-0.006198786596858637,0.002774237741935491,-0.002316086227544943
1.60008,-0.006198786596858637,0.002774237741935491,-0.002316086227544943
1.6048,-0.006396032670157065,0.0023691409677419444,-0.0034189844311377574
1.60952,-0.0071850169633507835,0.0025041732258064605,-0.002416349700598834
1.6142400000000001,-0.0057385457591623,0.0034493990322580735,-0.0034189844311377574
1.61896,-0.006856273507853401,0.002774237741935491,-0.0028174035928144013
1.6236799999999998,-0.006001540523560205,0.0033143667741935556,-0.0030179305389221867
1.6283999999999998,-0.007513760418848164,0.002234108709677428,-0.0028174035928144013
1.6331199999999997,-0.006527530052356017,0.002909270000000007,-0.0025166131736527285
1.6378399999999997,-0.006527530052356017,0.002909270000000007,-0.0025166131736527285
1.6425599999999998,-0.006527530052356017,0.002909270000000007,-0.0025166131736527285
1.6472799999999999,-0.006330283979057589,0.0033143667741935556,-0.0025166131736527285
1.652,-0.006330283979057589,0.0033143667741935556,-0.0025166131736527285
1.6567199999999997,-0.006527530052356017,0.0033143667741935556,-0.0026168766467066194
1.6614399999999998,-0.006461781361256542,0.0035844312903225897,-0.0031181940119760776
1.6661599999999999,-0.006461781361256542,0.0035844312903225897,-0.0031181940119760776
1.67088,-0.007382263036649213,0.0031793345161290395,-0.0027171401197605104
1.6755999999999998,-0.0066590274345549715,0.0033143667741935556,-0.003519247904191645
1.6803199999999998,-0.0066590274345549715,0.0033143667741935556,-0.003519247904191645
1.6850399999999999,-0.0066590274345549715,0.0033143667741935556,-0.003519247904191645
1.68976,-0.007842503874345548,0.002909270000000007,-0.0036195113772455392
1.6944799999999998,-0.007908252565445025,0.002909270000000007,-0.0029176670658682957
1.6991999999999998,-0.007119268272251308,0.0038544958064516237,-0.0029176670658682957
1.7039199999999999,-0.007119268272251308,0.0038544958064516237,-0.0029176670658682957
1.70864,-0.007316514345549736,0.0034493990322580735,-0.0037197748502994336
1.7133599999999998,-0.007316514345549736,0.0034493990322580735,-0.0037197748502994336
1.7180799999999998,-0.006922022198952877,0.0038544958064516237,-0.0039203017964072155
1.7227999999999999,-0.006922022198952877,0.0038544958064516237,-0.0039203017964072155
1.72752,-0.006922022198952877,0.0038544958064516237,-0.0039203017964072155
1.7322399999999998,-0.007053519581151829,0.0038544958064516237,-0.0036195113772455392
1.7369599999999998,-0.007053519581151829,0.0038544958064516237,-0.0036195113772455392
1.74168,-0.007382263036649213,0.0035844312903225897,-0.0037197748502994336
1.7464,-0.007382263036649213,0.0035844312903225897,-0.0037197748502994336
1.7511199999999998,-0.007382263036649213,0.0035844312903225897,-0.0037197748502994336
1.7558399999999998,-0.007382263036649213,0.0035844312903225897,-0.0037197748502994336
1.76056,-0.007382263036649213,0.0035844312903225897,-0.0037197748502994336
1.76528,-0.008631488167539265,0.002774237741935491,-0.003318720958083863
1.77,-0.008631488167539265,0.0033143667741935556,-0.004521882634730568
1.7747199999999999,-0.00764525780104712,0.0033143667741935556,-0.004521882634730568
1.77944,-0.00764525780104712,0.0033143667741935556,-0.004521882634730568
1.78416,-0.007776755183246069,0.0038544958064516237,-0.0031181940119760776
1.78888,-0.0071850169633507835,0.003989528064516136,-0.0039203017964072155
1.7935999999999999,-0.007908252565445025,0.0038544958064516237,-0.004221092215568895
1.79832,-0.008631488167539265,0.0034493990322580735,-0.0036195113772455392
1.80304,-0.007448011727748689,0.0038544958064516237,-0.003318720958083863
1.80776,-0.007842503874345548,0.0041245603225806525,-0.004120828742515001
1.8124799999999999,-0.007842503874345548,0.0041245603225806525,-0.004120828742515001
1.8172,-0.008434242094240837,0.0033143667741935556,-0.003519247904191645
1.82192,-0.008434242094240837,0.0033143667741935556,-0.003519247904191645
1.82664,-0.008434242094240837,0.0033143667741935556,-0.003519247904191645
1.8313599999999999,-0.00869723685863874,0.0035844312903225897,-0.0036195113772455392
1.83608,-0.008565739476439788,0.0037194635483871075,-0.003218457485029972
1.8408,-0.008565739476439788,0.0037194635483871075,-0.003218457485029972
1.84552,-0.008565739476439788,0.0037194635483871075,-0.003218457485029972
1.8502399999999999,-0.008565739476439788,0.0037194635483871075,-0.003218457485029972
1.85496,-0.008236996020942404,0.0037194635483871075,-0.004221092215568895
1.85968,-0.008434242094240837,0.003989528064516136,-0.004221092215568895
1.8644,-0.008828734240837693,0.003989528064516136,-0.004521882634730568
1.86912,-0.008828734240837693,0.003989528064516136,-0.004521882634730568
1.87384,-0.009551969842931933,0.0038544958064516237,-0.0036195113772455392
1.87856,-0.00836849340314136,0.003989528064516136,-0.004521882634730568
1.88328,-0.008960231623036646,0.003989528064516136,-0.004421619161676677
1.888,-0.008960231623036646,0.003989528064516136,-0.004421619161676677
1.89272,-0.008960231623036646,0.003989528064516136,-0.004421619161676677
1.89744,-0.008960231623036646,0.003989528064516136,-0.004421619161676677
1.90216,-0.008762985549738216,0.004664689354838717,-0.004521882634730568
1.9068800000000001,-0.008762985549738216,0.004664689354838717,-0.004521882634730568
1.9116,-0.008762985549738216,0.004664689354838717,-0.004521882634730568
1.91632,-0.008762985549738216,0.004664689354838717,-0.004521882634730568
1.9210399999999999,-0.008434242094240837,0.004664689354838717,-0.004421619161676677
1.9257599999999997,-0.00869723685863874,0.0041245603225806525,-0.004622146107784466
1.9304799999999998,-0.00869723685863874,0.0041245603225806525,-0.004622146107784466
1.9351999999999998,-0.00869723685863874,0.0041245603225806525,-0.004622146107784466
1.9399199999999999,-0.008894482931937172,0.004394624838709685,-0.004120828742515001
1.9446399999999997,-0.008631488167539265,0.004799721612903233,-0.004421619161676677
1.9493599999999998,-0.008631488167539265,0.004799721612903233,-0.004421619161676677
1.9540799999999998,-0.009025980314136121,0.004259592580645169,-0.004922936526946139
1.9587999999999999,-0.009025980314136121,0.004259592580645169,-0.004922936526946139
1.9635199999999997,-0.009025980314136121,0.004259592580645169,-0.004922936526946139
1.9682399999999998,-0.009025980314136121,0.004259592580645169,-0.004922936526946139
1.9729599999999998,-0.008631488167539265,0.004529657096774201,-0.004421619161676677
1.9776799999999999,-0.008631488167539265,0.004529657096774201,-0.004421619161676677
1.9823999999999997,-0.010143708062827224,0.004394624838709685,-0.004421619161676677
1.9871199999999998,-0.010143708062827224,0.004529657096774201,-0.0039203017964072155
1.9918399999999998,-0.009157477696335077,0.004394624838709685,-0.004120828742515001
1.99656,-0.008828734240837693,0.004394624838709685,-0.004120828742515001
2.00128,-0.008828734240837693,0.004394624838709685,-0.004120828742515001
2.006,-0.008828734240837693,0.004394624838709685,-0.004120828742515001
2.01072,-0.009749215916230361,0.004934753870967753,-0.00402056526946111
2.01544,-0.009420472460732982,0.004799721612903233,-0.004221092215568895
2.0201599999999997,-0.009420472460732982,0.004799721612903233,-0.004221092215568895
2.02488,-0.009420472460732982,0.004799721612903233,-0.004221092215568895
2.0296,-0.009420472460732982,0.004799721612903233,-0.004221092215568895
2.0343199999999997,-0.009420472460732982,0.004799721612903233,-0.004221092215568895
2.03904,-0.010406702827225129,0.004664689354838717,-0.004521882634730568
2.04376,-0.009420472460732982,0.004799721612903233,-0.004822673053892241
2.04848,-0.0090917290052356,0.005609915161290332,-0.005123463473053928
2.0532,-0.0090917290052356,0.005609915161290332,-0.005123463473053928
2.0579199999999997,-0.01053820020942408,0.004394624838709685,-0.0054242538922156
2.06264,-0.010801194973821988,0.004664689354838717,-0.00502320000000003
2.06736,-0.010801194973821988,0.004394624838709685,-0.005123463473053928
2.0720799999999997,-0.010801194973821988,0.004394624838709685,-0.005123463473053928
2.0768,-0.010669697591623034,0.004799721612903233,-0.004221092215568895
2.08152,-0.010669697591623034,0.004799721612903233,-0.004221092215568895
2.08624,-0.010669697591623034,0.004799721612903233,-0.004221092215568895
2.09096,-0.010209456753926701,0.00520481838709678,-0.005925571257485055
2.0956799999999998,-0.010209456753926701,0.00520481838709678,-0.005925571257485055
2.1004,-0.011524430575916227,0.004259592580645169,-0.005223726946107812
2.10512,-0.011524430575916227,0.004259592580645169,-0.005223726946107812
2.1098399999999997,-0.011524430575916227,0.004259592580645169,-0.005223726946107812
2.11456,-0.011590179267015704,0.004934753870967753,-0.004922936526946139
2.11928,-0.011590179267015704,0.004934753870967753,-0.004922936526946139
2.124,-0.010077959371727747,0.005069786129032267,-0.0054242538922156
2.12872,-0.010603948900523557,0.005069786129032267,-0.005825307784431171
2.13344,-0.010603948900523557,0.005069786129032267,-0.005825307784431171
2.13816,-0.010603948900523557,0.005069786129032267,-0.005825307784431171
2.14288,-0.010603948900523557,0.004664689354838717,-0.005624780838323382
2.1476,-0.011721676649214658,0.004799721612903233,-0.00502320000000003
2.15232,-0.011721676649214658,0.004799721612903233,-0.00502320000000003
2.15704,-0.011721676649214658,0.004799721612903233,-0.00502320000000003
2.16176,-0.011721676649214658,0.004799721612903233,-0.00502320000000003
2.16648,-0.010340954136125652,0.005744947419354848,-0.005725044311377273
2.1712,-0.010603948900523557,0.00601501193548388,-0.006126098203592844
2.17592,-0.010603948900523557,0.00601501193548388,-0.006126098203592844
2.18064,-0.010603948900523557,0.00601501193548388,-0.006126098203592844
2.18536,-0.010603948900523557,0.00601501193548388,-0.006126098203592844
2.19008,-0.01205042010471204,0.004799721612903233,-0.005725044311377273
2.1948,-0.01205042010471204,0.004799721612903233,-0.005725044311377273
2.19952,-0.01205042010471204,0.004799721612903233,-0.005725044311377273
2.20424,-0.01205042010471204,0.004799721612903233,-0.005725044311377273
2.20896,-0.011261435811518321,0.005069786129032267,-0.005524517365269491
2.2136799999999996,-0.01106418973821989,0.005879979677419364,-0.005223726946107812
2.2184,-0.01106418973821989,0.005879979677419364,-0.005223726946107812
2.2231199999999998,-0.01106418973821989,0.005474882903225816,-0.006326625149700626
2.2278399999999996,-0.010932692356020943,0.006150044193548396,-0.006326625149700626
2.23256,-0.01112993842931937,0.005609915161290332,-0.006226361676646742
2.2372799999999997,-0.011918922722513086,0.005744947419354848,-0.006426888622754524
2.242,-0.011918922722513086,0.005744947419354848,-0.006426888622754524
2.24672,-0.012773655706806282,0.005609915161290332,-0.006025834730538953
2.2514399999999997,-0.012773655706806282,0.005609915161290332,-0.006025834730538953
2.25616,-0.01257640963350785,0.005744947419354848,-0.005624780838323382
2.26088,-0.01257640963350785,0.005744947419354848,-0.005624780838323382
2.2655999999999996,-0.01310239916230366,0.0053398506451612995,-0.005524517365269491
2.27032,-0.01310239916230366,0.0053398506451612995,-0.005524517365269491
2.2750399999999997,-0.01310239916230366,0.0053398506451612995,-0.005524517365269491
2.27976,-0.011392933193717276,0.006285076451612911,-0.005825307784431171
2.28448,-0.011392933193717276,0.006420108709677429,-0.005624780838323382
2.2891999999999997,-0.01112993842931937,0.006825205483870974,-0.005825307784431171
2.29392,-0.01112993842931937,0.006825205483870974,-0.005825307784431171
2.29864,-0.011721676649214658,0.006285076451612911,-0.006025834730538953
2.3033599999999996,-0.011721676649214658,0.006285076451612911,-0.006025834730538953
2.30808,-0.011721676649214658,0.006285076451612911,-0.006025834730538953
2.3127999999999997,-0.013036650471204184,0.006150044193548396,-0.006426888622754524
2.31752,-0.013036650471204184,0.006150044193548396,-0.006426888622754524
2.32224,-0.013036650471204184,0.006150044193548396,-0.006426888622754524
2.3269599999999997,-0.013036650471204184,0.006150044193548396,-0.006426888622754524
2.33168,-0.013036650471204184,0.006150044193548396,-0.006426888622754524
2.3364,-0.013036650471204184,0.006150044193548396,-0.006426888622754524
2.3411199999999996,-0.013036650471204184,0.006150044193548396,-0.006426888622754524
2.34584,-0.013036650471204184,0.006150044193548396,-0.006426888622754524
2.3505599999999998,-0.013036650471204184,0.006150044193548396,-0.006426888622754524
2.35528,-0.013036650471204184,0.006150044193548396,-0.006426888622754524
2.36,-0.013036650471204184,0.006150044193548396,-0.006426888622754524
-0.0,0.00011308774869110173,7.359258064516816e-05,0.0003910275449101469
-0.00364,0.00011308774869110173,7.359258064516816e-05,0.0003910275449101469
-0.00728,0.00011308774869110173,7.359258064516816e-05,0.0003910275449101469
-0.010920000000000001,0.00011308774869110173,7.359258064516816e-05,0.0003910275449101469
-0.01456,0.00011308774869110173,7.359258064516816e-05,0.0003910275449101469
-0.0182,0.00017883643979057888,0.00020862483870968777,-1.0026347305423788e-05
-0.021840000000000002,0.00017883643979057888,0.00020862483870968777,-1.0026347305423788e-05
-0.025480000000000003,-1.8409633507850826e-05,0.00020862483870968777,0.0003910275449101469
-0.02912,-0.0009388913089005213,-0.00019647193548386413,0.0013936622754490702
-0.03276,-0.0009388913089005213,-0.00019647193548386413,0.0013936622754490702
-0.0364,-0.0008731426178010451,-0.0003315041935483803,0.00019050059880236156
-0.04004,-0.0010703886910994748,-0.0003315041935483803,0.0011931353293412883
-0.043680000000000004,-8.41583246073271e-05,0.0003436570967742039,0.0005915544910179323
-0.04732,-0.0008731426178010451,-6.143967741934798e-05,0.00019050059880236156
-0.050960000000000005,-0.0008073939267015688,-0.00019647193548386413,9.023712574847062e-05
-0.0546,-0.0002814043979057568,7.359258064516816e-05,0.0011931353293412883
-0.05824,-0.00014990701570680425,0.00020862483870968777,-0.00021055329341320567
-0.061880000000000004,-0.0008731426178010451,-6.143967741934798e-05,0.0012933988023951792
-0.06552,-0.0008731426178010451,-6.143967741934798e-05,0.0012933988023951792
-0.06916,-0.0005443991623036628,7.359258064516816e-05,0.0010928718562873939
-0.0728,-0.0008731426178010451,-0.0003315041935483803,0.00029076407185625597
-0.07644000000000001,-0.0008731426178010451,-0.0003315041935483803,0.00029076407185625597
-0.08008,-0.001333383455497379,-0.0003315041935483803,0.0006918179640718267
-0.08372,-0.001333383455497379,-0.0003315041935483803,0.0006918179640718267
-0.08736000000000001,-0.001333383455497379,-0.0003315041935483803,0.0006918179640718267
-0.09100000000000001,-0.0008731426178010451,-0.00019647193548386413,9.023712574847062e-05
-0.09464,-0.0008731426178010451,-0.00019647193548386413,9.023712574847062e-05
-0.09828,-0.0008731426178010451,-0.00019647193548386413,9.023712574847062e-05
-0.10192000000000001,-0.0008731426178010451,-0.00019647193548386413,9.023712574847062e-05
-0.10556000000000001,-0.0008731426178010451,7.359258064516816e-05,9.023712574847062e-05
-0.1092,4.7339057591625454e-05,7.359258064516816e-05,9.023712574847062e-05
-0.11284000000000001,4.7339057591625454e-05,7.359258064516816e-05,0.00029076407185625597
-0.11648,-0.0009388913089005213,-0.00019647193548386413,-0.00011028982035931126
-0.12012,0.00011308774869110173,0.00020862483870968777,-0.00011028982035931126
-0.12376000000000001,-0.00014990701570680425,7.359258064516816e-05,9.023712574847062e-05
-0.1274,-0.00014990701570680425,7.359258064516816e-05,9.023712574847062e-05
-0.13104,-0.00014990701570680425,7.359258064516816e-05,0.000892344910179612
-0.13468,-0.0006101478534031391,7.359258064516816e-05,0.000892344910179612
-0.13832,-0.0006101478534031391,7.359258064516816e-05,-1.0026347305423788e-05
-0.14196,-0.0004786504712041865,-6.143967741934798e-05,-1.0026347305423788e-05
-0.1456,-0.0006758965445026154,7.359258064516816e-05,0.000992608383233503
-0.14924,-0.001333383455497379,-0.0003315041935483803,0.0010928718562873939
-0.15288000000000002,-0.001333383455497379,-0.0003315041935483803,0.0010928718562873939
-0.15652,-0.001333383455497379,-0.0003315041935483803,0.0010928718562873939
-0.16016,-0.001333383455497379,-0.0003315041935483803,-0.00011028982035931126
-0.1638,-0.0002814043979057568,7.359258064516816e-05,-0.00011028982035931126
-0.16744,-0.0002814043979057568,7.359258064516816e-05,-0.00011028982035931126
-0.17108,-0.0002814043979057568,7.359258064516816e-05,-0.00011028982035931126
-0.17472000000000001,-0.0014648808376963324,-0.0003315041935483803,0.0012933988023951792
-0.17836000000000002,-0.0014648808376963324,-0.0003315041935483803,0.0012933988023951792
-0.18200000000000002,-0.0002814043979057568,0.00020862483870968777,-0.00021055329341320567
-0.18564,-0.0002814043979057568,0.00020862483870968777,-0.00021055329341320567
-0.18928,-0.0002814043979057568,0.00020862483870968777,-0.00021055329341320567
-0.19292,-0.001333383455497379,-0.00019647193548386413,0.000892344910179612
-0.19656,-0.0010046399999999985,-6.143967741934798e-05,0.00019050059880236156
-0.20020000000000002,-0.00014990701570680425,0.00020862483870968777,-0.00011028982035931126
-0.20384000000000002,-0.00014990701570680425,0.00020862483870968777,-0.00011028982035931126
-0.20748000000000003,-0.0004786504712041865,0.00020862483870968777,-0.00021055329341320567
-0.21112000000000003,-0.0004786504712041865,0.00020862483870968777,-0.00021055329341320567
-0.21476,-0.0004786504712041865,0.00020862483870968777,-0.00021055329341320567
-0.2184,-0.0004786504712041865,0.00020862483870968777,-0.00021055329341320567
-0.22204000000000002,-0.00014990701570680425,0.00020862483870968777,9.023712574847062e-05
-0.22568000000000002,-0.00014990701570680425,0.00020862483870968777,9.023712574847062e-05
-0.22932,-0.00014990701570680425,0.00020862483870968777,-0.00021055329341320567
-0.23296,-0.0003471530890052331,0.00020862483870968777,-0.00021055329341320567
-0.2366,-0.0003471530890052331,0.00020862483870968777,-0.00021055329341320567
-0.24024,-0.0003471530890052331,0.00020862483870968777,-0.00021055329341320567
-0.24388,-0.0003471530890052331,0.0004786893548387166,0.00019050059880236156
-0.24752000000000002,-0.00021565570680628053,0.0004786893548387166,0.00019050059880236156
-0.25116000000000005,-0.00021565570680628053,0.0004786893548387166,0.00019050059880236156
-0.2548,-0.00021565570680628053,-6.143967741934798e-05,-0.00011028982035931126
-0.25844,-0.0010046399999999985,-6.143967741934798e-05,-0.00011028982035931126
-0.26208,-0.0010046399999999985,-6.143967741934798e-05,-0.00011028982035931126
-0.26572,-0.0009388913089005213,-6.143967741934798e-05,-1.0026347305423788e-05
-0.26936,-0.0009388913089005213,-6.143967741934798e-05,-1.0026347305423788e-05
-0.273,-0.00041290178010471024,0.0004786893548387166,-0.00011028982035931126
-0.27664,-0.0004786504712041865,0.0004786893548387166,-0.00021055329341320567
-0.28028000000000003,-0.0004786504712041865,0.0004786893548387166,-0.00021055329341320567
-0.28392,-0.0004786504712041865,0.0004786893548387166,-0.00021055329341320567
-0.28756000000000004,-0.0004786504712041865,0.0004786893548387166,0.00019050059880236156
-0.2912,-0.0012676347643979045,-6.143967741934798e-05,-1.0026347305423788e-05
-0.29484000000000005,-0.0003471530890052331,0.0004786893548387166,-1.0026347305423788e-05
-0.29848,-0.0003471530890052331,0.0004786893548387166,-1.0026347305423788e-05
-0.30212,-0.0003471530890052331,0.0004786893548387166,-1.0026347305423788e-05
-0.30576000000000003,-0.0003471530890052331,-0.00019647193548386413,0.0004912910179640413
-0.3094,-0.0017278756020942376,-0.00019647193548386413,0.0004912910179640413
-0.31304,-0.0017278756020942376,-0.00019647193548386413,0.0004912910179640413
-0.31667999999999996,-0.0017278756020942376,-0.00019647193548386413,0.0004912910179640413
-0.32032,-0.0017278756020942376,-0.00019647193548386413,0.0004912910179640413
-0.32395999999999997,-0.0017278756020942376,-0.00019647193548386413,0.0004912910179640413
-0.3276,-0.0017278756020942376,-0.00019647193548386413,0.0004912910179640413
-0.33124,-0.0017278756020942376,-0.00019647193548386413,0.0004912910179640413
-0.33488,-0.0008073939267015688,0.0003436570967742039,-0.00041108023952098754
-0.33852,-0.0008073939267015688,0.0003436570967742039,-0.00041108023952098754
-0.34216,-0.0008073939267015688,0.0003436570967742039,-0.00041108023952098754
-0.3458,-0.0008073939267015688,0.0003436570967742039,-0.00041108023952098754
-0.34944000000000003,-0.0016621269109947621,-0.0003315041935483803,0.0006918179640718267
-0.35308,-0.0018593729842931919,-0.00019647193548386413,0.000892344910179612
-0.35672000000000004,-0.0005443991623036628,0.0003436570967742039,9.023712574847062e-05
-0.36036,-0.0005443991623036628,0.0003436570967742039,9.023712574847062e-05
-0.36400000000000005,-0.0005443991623036628,0.0003436570967742039,9.023712574847062e-05
-0.36764,-0.0004786504712041865,0.0006137216129032327,0.00029076407185625597
-0.37128,-0.0012676347643979045,0.0003436570967742039,0.00019050059880236156
-0.37492,-0.0014648808376963324,7.359258064516816e-05,0.00019050059880236156
-0.37856,-0.0014648808376963324,7.359258064516816e-05,0.00019050059880236156
-0.3822,-0.0014648808376963324,7.359258064516816e-05,0.00019050059880236156
-0.38584,-0.0014648808376963324,7.359258064516816e-05,0.0007920814371257176
-0.38948,-0.0017936242931937147,-6.143967741934798e-05,0.0007920814371257176
-0.39312,-0.0017936242931937147,-6.143967741934798e-05,0.0007920814371257176
-0.39676,-0.0017936242931937147,-6.143967741934798e-05,0.0007920814371257176
-0.40040000000000003,-0.0015306295287958096,7.359258064516816e-05,-0.00021055329341320567
-0.40404,-0.0006758965445026154,0.0004786893548387166,-0.0003108167664670966
-0.40768000000000004,-0.001596378219895285,7.359258064516816e-05,-0.00011028982035931126
-0.41132,-0.0007416452356020925,0.0007487538709677489,-1.0026347305423788e-05
-0.41496000000000005,-0.0016621269109947621,0.00020862483870968777,-1.0026347305423788e-05
-0.4186,-0.0007416452356020925,0.0004786893548387166,-1.0026347305423788e-05
-0.42224000000000006,-0.0008731426178010451,0.0006137216129032327,-1.0026347305423788e-05
-0.42588000000000004,-0.0008731426178010451,0.0006137216129032327,-1.0026347305423788e-05
-0.42952,-0.0008731426178010451,0.0006137216129032327,-1.0026347305423788e-05
-0.43316,-0.0008731426178010451,0.0006137216129032327,-1.0026347305423788e-05
-0.4368,-0.0017936242931937147,7.359258064516816e-05,9.023712574847062e-05
-0.44044,-0.0017936242931937147,0.0003436570967742039,0.0005915544910179323
-0.44408000000000003,-0.0017278756020942376,0.0007487538709677489,-0.00041108023952098754
-0.44772,-0.0008731426178010451,7.359258064516816e-05,0.00019050059880236156
-0.45136000000000004,-0.002188116439790574,7.359258064516816e-05,9.023712574847062e-05
-0.455,-0.0012676347643979045,0.0003436570967742039,0.00029076407185625597
-0.45864,-0.0012676347643979045,0.0003436570967742039,-0.0007118706586826673
-0.46228,-0.0010703886910994748,0.0006137216129032327,-0.0007118706586826673
-0.46592,-0.0010703886910994748,0.0006137216129032327,-0.0007118706586826673
-0.46956000000000003,-0.0010703886910994748,0.0006137216129032327,-0.0007118706586826673
-0.4732,-0.002385362513089004,-6.143967741934798e-05,0.00019050059880236156
-0.47684000000000004,-0.0019251216753926673,0.00020862483870968777,-0.0006116071856287729
-0.48048,-0.0019251216753926673,0.00020862483870968777,-0.0006116071856287729
-0.48412000000000005,-0.0015306295287958096,0.0006137216129032327,0.0003910275449101469
-0.48776,-0.0012676347643979045,0.0004786893548387166,-0.0006116071856287729
-0.49140000000000006,-0.0012676347643979045,0.0004786893548387166,-0.0006116071856287729
-0.49504000000000004,-0.0012676347643979045,0.0004786893548387166,-0.0006116071856287729
-0.49868000000000007,-0.0012676347643979045,0.0004786893548387166,-0.0006116071856287729
-0.5023200000000001,-0.0012676347643979045,0.0004786893548387166,-0.0006116071856287729
-0.5059600000000001,-0.0012676347643979045,0.0004786893548387166,-0.0006116071856287729
-0.5096,-0.0010703886910994748,0.000883786129032265,-0.00041108023952098754
-0.5132399999999999,-0.001136137382198951,0.000883786129032265,-0.00041108023952098754
-0.51688,-0.001136137382198951,0.000883786129032265,-0.00041108023952098754
-0.52052,-0.001136137382198951,0.0007487538709677489,-0.0007118706586826673
-0.52416,-0.0012018860732984265,0.001018818387096783,-0.0006116071856287729
-0.5277999999999999,-0.0012018860732984265,0.001018818387096783,-0.0006116071856287729
-0.53144,0.014446302408376964,0.0003436570967742039,0.0006918179640718267
-0.53508,-0.002385362513089004,0.0003436570967742039,0.0006918179640718267
-0.53872,-0.0015306295287958096,0.0006137216129032327,-0.0008121341317365582
-0.54236,-0.0015306295287958096,0.0006137216129032327,-0.0008121341317365582
-0.546,-0.00205661905759162,0.0004786893548387166,0.0003910275449101469
-0.54964,-0.0017278756020942376,0.0007487538709677489,-0.00021055329341320567
-0.55328,-0.0017278756020942376,0.0007487538709677489,-0.00021055329341320567
-0.55692,-0.0016621269109947621,0.001018818387096783,-1.0026347305423788e-05
-0.5605600000000001,-0.0016621269109947621,0.001018818387096783,-1.0026347305423788e-05
-0.5642,-0.0016621269109947621,0.001018818387096783,-1.0026347305423788e-05
-0.56784,-0.0016621269109947621,0.001018818387096783,-1.0026347305423788e-05
-0.57148,-0.0016621269109947621,0.001018818387096783,-1.0026347305423788e-05
-0.5751200000000001,-0.002648357277486909,0.0003436570967742039,-0.0003108167664670966
-0.57876,-0.002648357277486909,0.0003436570967742039,-0.0003108167664670966
-0.5824,-0.002648357277486909,0.0003436570967742039,-0.0003108167664670966
-0.58604,-0.002648357277486909,0.0003436570967742039,-0.0003108167664670966
-0.5896800000000001,-0.002648357277486909,0.0003436570967742039,-0.0003108167664670966
-0.5933200000000001,-0.0012676347643979045,0.000883786129032265,-0.0008121341317365582
-0.59696,-0.0012676347643979045,0.000883786129032265,-0.0008121341317365582
-0.6006,-0.0016621269109947621,0.001018818387096783,-0.0009123976047904492
-0.60424,-0.0016621269109947621,0.001018818387096783,-0.0009123976047904492
-0.6078800000000001,-0.002648357277486909,0.000883786129032265,9.023712574847062e-05
-0.6115200000000001,-0.002648357277486909,0.000883786129032265,9.023712574847062e-05
-0.61516,-0.002648357277486909,0.000883786129032265,-1.0026347305423788e-05
-0.6188,-0.002648357277486909,0.000883786129032265,-1.0026347305423788e-05
-0.6224400000000001,-0.0030428494240837684,0.0004786893548387166,-0.0010126610778443401
-0.62608,-0.0030428494240837684,0.0004786893548387166,-0.0010126610778443401
-0.62972,-0.0030428494240837684,0.0004786893548387166,-0.0010126610778443401
-0.6333599999999999,-0.0030428494240837684,0.0004786893548387166,-0.0010126610778443401
-0.637,-0.0030428494240837684,0.0004786893548387166,-0.0010126610778443401
-0.64064,-0.0017278756020942376,0.001153850645161299,-0.0007118706586826673
-0.64428,-0.0017278756020942376,0.001153850645161299,-0.0007118706586826673
-0.6479199999999999,-0.0033058441884816735,0.0003436570967742039,0.00029076407185625597
-0.65156,-0.0033058441884816735,0.0003436570967742039,0.00029076407185625597
-0.6552,-0.002714105968586386,0.0006137216129032327,9.023712574847062e-05
-0.65884,-0.002714105968586386,0.0006137216129032327,9.023712574847062e-05
-0.66248,-0.002714105968586386,0.0006137216129032327,9.023712574847062e-05
-0.66612,-0.002714105968586386,0.0006137216129032327,9.023712574847062e-05
-0.66976,-0.002714105968586386,0.0006137216129032327,9.023712574847062e-05
-0.6734,-0.01869103790575916,0.0012888829032258152,-0.0008121341317365582
-0.67704,-0.0018593729842931919,0.000883786129032265,-0.00011028982035931126
-0.6806800000000001,-0.002122367748691097,0.0015589474193548475,-0.0009123976047904492
-0.68432,-0.002122367748691097,0.0015589474193548475,-0.0009123976047904492
-0.68796,-0.002385362513089004,0.000883786129032265,-0.0011129245508982345
-0.6916,-0.002385362513089004,0.000883786129032265,-0.0011129245508982345
-0.6952400000000001,-0.003897582408376961,0.0006137216129032327,-0.00041108023952098754
-0.6988800000000001,-0.003897582408376961,0.0006137216129032327,-0.00041108023952098754
-0.70252,-0.003897582408376961,0.0006137216129032327,-0.00041108023952098754
-0.70616,-0.0031085981151832438,0.000883786129032265,-0.0003108167664670966
-0.7098000000000001,-0.0036345876439790557,0.000883786129032265,-0.0003108167664670966
-0.7134400000000001,-0.0036345876439790557,0.001018818387096783,-0.0015139784431138018
-0.71708,-0.0022538651308900495,0.001018818387096783,-0.0014137149700599108
-0.72072,-0.0023196138219895267,0.001018818387096783,-0.0013134514970060164
-0.7243600000000001,-0.0023196138219895267,0.001018818387096783,-0.0013134514970060164
-0.7280000000000001,-0.0023196138219895267,0.001018818387096783,-0.0013134514970060164
-0.7316400000000001,-0.003371592879581149,0.0007487538709677489,-0.0010126610778443401
-0.73528,-0.003371592879581149,0.0007487538709677489,-0.0010126610778443401
-0.73892,-0.003371592879581149,0.0007487538709677489,-0.0010126610778443401
-0.74256,-0.003371592879581149,0.0007487538709677489,-0.0009123976047904492
-0.7462,-0.003371592879581149,0.0007487538709677489,-0.0009123976047904492
-0.74984,-0.0029771007329842895,0.0007487538709677489,-0.00021055329341320567
-0.75348,-0.0029771007329842895,0.0007487538709677489,-0.00021055329341320567
-0.75712,-0.0023196138219895267,0.0014239151612903313,-0.0012131880239521255
-0.76076,-0.0023196138219895267,0.0014239151612903313,-0.0012131880239521255
-0.7644,-0.0029771007329842895,0.0015589474193548475,-0.0010126610778443401
-0.7680400000000001,-0.0035688389528795786,0.0015589474193548475,-0.001814768862275478
-0.77168,-0.0035688389528795786,0.0015589474193548475,-0.001814768862275478
-0.77532,-0.0035688389528795786,0.0015589474193548475,-0.001814768862275478
-0.77896,-0.002911352041884816,0.0015589474193548475,-0.0015139784431138018
-0.7826,-0.002911352041884816,0.0015589474193548475,-0.0015139784431138018
-0.78624,-0.002911352041884816,0.0015589474193548475,-0.0015139784431138018
-0.78988,-0.0033058441884816735,0.0012888829032258152,-0.0013134514970060164
-0.79352,-0.0036345876439790557,0.0012888829032258152,-0.000511343712574882
-0.79716,-0.0036345876439790557,0.0012888829032258152,-0.000511343712574882
-0.8008000000000001,-0.0036345876439790557,0.0012888829032258152,-0.0008121341317365582
-0.80444,-0.0036345876439790557,0.0012888829032258152,-0.0008121341317365582
-0.80808,-0.0025168598952879564,0.001018818387096783,-0.0015139784431138018
-0.81172,-0.0025168598952879564,0.001018818387096783,-0.0015139784431138018
-0.8153600000000001,-0.0025168598952879564,0.001018818387096783,-0.0015139784431138018
-0.8190000000000001,-0.0025168598952879564,0.001018818387096783,-0.0015139784431138018
-0.82264,-0.0025168598952879564,0.001018818387096783,-0.0015139784431138018
-0.82628,-0.0025168598952879564,0.001018818387096783,-0.0015139784431138018
-0.8299200000000001,-0.0025168598952879564,0.001018818387096783,-0.0015139784431138018
-0.8335600000000001,-0.003700336335078531,0.001153850645161299,-0.0019150323353293724
-0.8372,-0.003700336335078531,0.001153850645161299,-0.0019150323353293724
-0.84084,-0.008434242094240837,0.0037194635483871075,-0.0034189844311377574
-0.8444800000000001,-0.008434242094240837,0.0037194635483871075,-0.0034189844311377574
-0.8481200000000001,-0.008434242094240837,0.0037194635483871075,-0.0034189844311377574
-0.8517600000000001,-0.008434242094240837,0.0037194635483871075,-0.0034189844311377574
-0.8553999999999999,-0.008434242094240837,0.0037194635483871075,-0.0034189844311377574
-0.85904,-0.008434242094240837,0.0037194635483871075,-0.0034189844311377574
-0.86268,-0.005804294450261777,0.003989528064516136,-0.004521882634730568
-0.86632,-0.005804294450261777,0.003989528064516136,-0.004521882634730568
-0.86996,-0.005804294450261777,0.003989528064516136,-0.004521882634730568
-0.8736,-0.005804294450261777,0.003989528064516136,-0.004521882634730568
-0.87724,-0.005804294450261777,0.003989528064516136,-0.004521882634730568
-0.88088,-0.008171247329842929,0.004934753870967753,-0.0026168766467066194
-0.88452,-0.008171247329842929,0.004934753870967753,-0.0026168766467066194
-0.8881600000000001,-0.007119268272251308,0.0053398506451612995,-0.0037197748502994336
-0.8918,-0.007119268272251308,0.0053398506451612995,-0.0037197748502994336
-0.89544,-0.010866943664921462,0.002099076451612912,-0.0030179305389221867
-0.89908,-0.00961771853403141,0.002774237741935491,-0.004321355688622786
-0.9027200000000001,-0.009223226387434552,0.002909270000000007,-0.002416349700598834
-0.90636,-0.009223226387434552,0.002909270000000007,-0.002416349700598834
-0.91,-0.009223226387434552,0.002909270000000007,-0.002416349700598834
-0.91364,-0.01001221068062827,0.002909270000000007,-0.00402056526946111
-0.91728,-0.01001221068062827,0.002909270000000007,-0.00402056526946111
-0.9209200000000001,-0.0071850169633507835,0.002234108709677428,-0.003519247904191645
-0.92456,-0.008171247329842929,0.0025041732258064605,-0.003519247904191645
-0.9282,-0.008171247329842929,0.0025041732258064605,-0.003519247904191645
-0.93184,-0.008171247329842929,0.0025041732258064605,-0.003519247904191645
-0.9354800000000001,-0.0071850169633507835,0.0053398506451612995,-0.004221092215568895
-0.9391200000000001,-0.006264535287958112,0.004259592580645169,-0.004321355688622786
-0.94276,-0.00836849340314136,0.003989528064516136,-0.0036195113772455392
-0.9464,-0.008762985549738216,0.0030443022580645233,-0.003519247904191645
-0.9500400000000001,-0.008631488167539265,0.004664689354838717,-0.0031181940119760776
-0.9536800000000001,-0.008631488167539265,0.004664689354838717,-0.0031181940119760776
-0.9573200000000001,-0.008434242094240837,0.002234108709677428,-0.004120828742515001
-0.96096,-0.008434242094240837,0.002234108709677428,-0.004120828742515001
-0.9646000000000001,-0.008434242094240837,0.002234108709677428,-0.004120828742515001
-0.9682400000000001,-0.008434242094240837,0.002234108709677428,-0.004120828742515001
-0.9718800000000001,-0.008631488167539265,0.004259592580645169,-0.0034189844311377574
-0.97552,-0.006724776125654449,0.004259592580645169,-0.0034189844311377574
-0.9791600000000001,-0.006724776125654449,0.004259592580645169,-0.0034189844311377574
-0.9828000000000001,-0.006724776125654449,0.004259592580645169,-0.0034189844311377574
-0.9864400000000001,-0.006724776125654449,0.004259592580645169,-0.0034189844311377574
-0.9900800000000001,-0.009288975078534028,0.004664689354838717,-0.003820038323353321
-0.9937200000000002,-0.007316514345549736,0.0041245603225806525,-0.003519247904191645
-0.9973600000000001,-0.008960231623036646,0.0041245603225806525,-0.003519247904191645
-1.0010000000000001,-0.008960231623036646,0.002234108709677428,-0.0019150323353293724
-1.0046400000000002,-0.003897582408376961,0.002234108709677428,-0.0019150323353293724
-1.00828,-0.003897582408376961,0.002234108709677428,-0.0019150323353293724
-1.0119200000000002,-0.003897582408376961,0.002234108709677428,-0.0019150323353293724
-1.01556,-0.003897582408376961,0.002234108709677428,-0.0025166131736527285
-1.0192,-0.00501531015706806,0.0026392054838709766,-0.002416349700598834
-1.0228400000000002,-0.005278304921465965,0.002234108709677428,-0.0015139784431138018
-1.0264799999999998,-0.005870043141361256,0.0015589474193548475,-0.0015139784431138018
-1.03012,-0.005870043141361256,0.0015589474193548475,-0.002115559281437158
-1.03376,-0.005146807539267013,0.0026392054838709766,-0.0027171401197605104
-1.0373999999999999,-0.00521255623036649,0.0023691409677419444,-0.0027171401197605104
-1.04104,-0.005475550994764393,0.002909270000000007,-0.001814768862275478
-1.04468,-0.005475550994764393,0.002909270000000007,-0.001814768862275478
-1.04832,-0.005672797068062825,0.0023691409677419444,-0.002416349700598834
-1.05196,-0.005672797068062825,0.0023691409677419444,-0.002416349700598834
-1.0555999999999999,-0.005672797068062825,0.0023691409677419444,-0.002416349700598834
-1.05924,-0.005672797068062825,0.0023691409677419444,-0.002416349700598834
-1.06288,-0.005672797068062825,0.0023691409677419444,-0.002416349700598834
-1.06652,-0.005672797068062825,0.0023691409677419444,-0.002416349700598834
-1.07016,-0.005672797068062825,0.0023691409677419444,-0.002416349700598834
-1.0738,-0.005672797068062825,0.0023691409677419444,-0.002416349700598834
-1.07744,-0.005804294450261777,0.0023691409677419444,-0.0013134514970060164
-1.08108,-0.005804294450261777,0.0023691409677419444,-0.0013134514970060164
-1.08472,-0.005804294450261777,0.0026392054838709766,-0.0025166131736527285
-1.08836,-0.005804294450261777,0.0026392054838709766,-0.0025166131736527285
-1.092,-0.005804294450261777,0.0026392054838709766,-0.0025166131736527285
-1.09564,-0.006396032670157065,0.0016939796774193636,-0.0031181940119760776
-1.09928,-0.006396032670157065,0.0016939796774193636,-0.0031181940119760776
-1.10292,-0.006396032670157065,0.0016939796774193636,-0.0031181940119760776
-1.10656,-0.005278304921465965,0.002909270000000007,-0.003218457485029972
-1.1102,-0.006001540523560205,0.002909270000000007,-0.003218457485029972
-1.11384,-0.006001540523560205,0.002909270000000007,-0.003218457485029972
-1.11748,-0.006001540523560205,0.002909270000000007,-0.003218457485029972
-1.1211200000000001,-0.006001540523560205,0.002909270000000007,-0.003218457485029972
-1.12476,-0.006001540523560205,0.002909270000000007,-0.003218457485029972
-1.1284,-0.006001540523560205,0.002909270000000007,-0.003218457485029972
-1.13204,-0.00501531015706806,0.0026392054838709766,-0.003318720958083863
-1.13568,-0.005935791832460732,0.0034493990322580735,-0.0031181940119760776
-1.13932,-0.005935791832460732,0.0034493990322580735,-0.0031181940119760776
-1.14296,-0.005935791832460732,0.0034493990322580735,-0.0031181940119760776
-1.1466,-0.005935791832460732,0.0034493990322580735,-0.0031181940119760776
-1.1502400000000002,-0.005935791832460732,0.0034493990322580735,-0.0031181940119760776
-1.15388,-0.006067289214659684,0.0026392054838709766,-0.0016142419161676962
-1.15752,-0.006856273507853401,0.0030443022580645233,-0.0025166131736527285
-1.16116,-0.006856273507853401,0.0030443022580645233,-0.0025166131736527285
-1.1648,-0.005607048376963349,0.0033143667741935556,-0.0027171401197605104
-1.1684400000000001,-0.005607048376963349,0.0033143667741935556,-0.0027171401197605104
-1.17208,-0.005607048376963349,0.0033143667741935556,-0.0027171401197605104
-1.17572,-0.005607048376963349,0.0033143667741935556,-0.0027171401197605104
-1.1793600000000002,-0.007053519581151829,0.0030443022580645233,-0.002115559281437158
-1.183,-0.005870043141361256,0.0033143667741935556,-0.0029176670658682957
-1.1866400000000001,-0.006527530052356017,0.0033143667741935556,-0.0029176670658682957
-1.19028,-0.006527530052356017,0.0033143667741935556,-0.0029176670658682957
-1.19392,-0.006527530052356017,0.0034493990322580735,-0.0029176670658682957
-1.1975600000000002,-0.006198786596858637,0.0025041732258064605,-0.0030179305389221867
-1.2012,-0.006198786596858637,0.0025041732258064605,-0.0030179305389221867
-1.2048400000000001,-0.006198786596858637,0.0025041732258064605,-0.0030179305389221867
-1.20848,-0.0057385457591623,0.0025041732258064605,-0.0030179305389221867
-1.21212,-0.0057385457591623,0.0025041732258064605,-0.0030179305389221867
-1.2157600000000002,-0.0057385457591623,0.0025041732258064605,-0.0030179305389221867
-1.2194,-0.0057385457591623,0.0025041732258064605,-0.0030179305389221867
-1.2230400000000001,-0.0057385457591623,0.0025041732258064605,-0.0030179305389221867
-1.2266800000000002,-0.0057385457591623,0.0025041732258064605,-0.0030179305389221867
-1.23032,-0.0057385457591623,0.0025041732258064605,-0.0030179305389221867
-1.2339600000000002,-0.0057385457591623,0.0025041732258064605,-0.0030179305389221867
-1.2376,-0.006856273507853401,0.003989528064516136,-0.003218457485029972
-1.2412400000000001,-0.006856273507853401,0.003989528064516136,-0.003218457485029972
-1.2448800000000002,-0.006856273507853401,0.003989528064516136,-0.003218457485029972
-1.24852,-0.007448011727748689,0.002909270000000007,-0.002316086227544943
-1.25216,-0.007448011727748689,0.002909270000000007,-0.0037197748502994336
-1.2558,-0.005804294450261777,0.0038544958064516237,-0.0037197748502994336
-1.25944,-0.005804294450261777,0.0038544958064516237,-0.0037197748502994336
-1.26308,-0.005804294450261777,0.0038544958064516237,-0.0025166131736527285
-1.2667199999999998,-0.007250765654450257,0.002774237741935491,-0.0025166131736527285
-1.27036,-0.007250765654450257,0.002774237741935491,-0.0025166131736527285
-1.274,-0.007579509109947641,0.0035844312903225897,-0.0029176670658682957
-1.2776399999999999,-0.007579509109947641,0.0035844312903225897,-0.0029176670658682957
-1.28128,-0.006461781361256542,0.0035844312903225897,-0.0036195113772455392
-1.28492,-0.008236996020942404,0.0025041732258064605,-0.0025166131736527285
-1.28856,-0.008236996020942404,0.0025041732258064605,-0.0025166131736527285
-1.2922,-0.006987770890052352,0.0033143667741935556,-0.0028174035928144013
-1.2958399999999999,-0.007250765654450257,0.0033143667741935556,-0.0037197748502994336
-1.29948,-0.007579509109947641,0.0031793345161290395,-0.002416349700598834
-1.30312,-0.007579509109947641,0.0031793345161290395,-0.002416349700598834
-1.30676,-0.007053519581151829,0.0034493990322580735,-0.0036195113772455392
-1.3104,-0.007053519581151829,0.0034493990322580735,-0.0036195113772455392
-1.31404,-0.007053519581151829,0.0034493990322580735,-0.0036195113772455392
-1.31768,-0.007382263036649213,0.0034493990322580735,-0.0030179305389221867
-1.32132,-0.006790524816753924,0.0031793345161290395,-0.004120828742515001
-1.32496,-0.006790524816753924,0.0041245603225806525,-0.003820038323353321
-1.3286,-0.007711006492146594,0.003989528064516136,-0.0031181940119760776
-1.33224,-0.007711006492146594,0.0041245603225806525,-0.004321355688622786
-1.33588,-0.007053519581151829,0.0041245603225806525,-0.004321355688622786
-1.33952,-0.007053519581151829,0.0041245603225806525,-0.004321355688622786
-1.3431600000000001,-0.007053519581151829,0.0034493990322580735,-0.0034189844311377574
-1.3468,-0.008171247329842929,0.0034493990322580735,-0.0034189844311377574
-1.35044,-0.008171247329842929,0.0034493990322580735,-0.003519247904191645
-1.35408,-0.00836849340314136,0.0037194635483871075,-0.004622146107784466
-1.35772,-0.00836849340314136,0.0037194635483871075,-0.004622146107784466
-1.3613600000000001,-0.00836849340314136,0.0037194635483871075,-0.004622146107784466
-1.365,-0.00836849340314136,0.0037194635483871075,-0.004622146107784466
-1.36864,-0.008631488167539265,0.003989528064516136,-0.0039203017964072155
-1.37228,-0.00764525780104712,0.0041245603225806525,-0.0039203017964072155
-1.37592,-0.00764525780104712,0.0041245603225806525,-0.003318720958083863
-1.3795600000000001,-0.008499990785340313,0.003989528064516136,-0.003318720958083863
-1.3832,-0.008499990785340313,0.003989528064516136,-0.0037197748502994336
-1.38684,-0.00836849340314136,0.004394624838709685,-0.003820038323353321
-1.3904800000000002,-0.009354723769633505,0.0033143667741935556,-0.003820038323353321
-1.39412,-0.009354723769633505,0.0033143667741935556,-0.003820038323353321
-1.3977600000000001,-0.009354723769633505,0.0033143667741935556,-0.003820038323353321
-1.4014,-0.009223226387434552,0.0034493990322580735,-0.003820038323353321
-1.40504,-0.009223226387434552,0.0034493990322580735,-0.003820038323353321
-1.4086800000000002,-0.009223226387434552,0.0030443022580645233,-0.003820038323353321
-1.41232,-0.008631488167539265,0.004259592580645169,-0.003519247904191645
-1.41596,-0.008631488167539265,0.004259592580645169,-0.003519247904191645
-1.4196000000000002,-0.008631488167539265,0.004259592580645169,-0.003519247904191645
-1.42324,-0.00948622115183246,0.003989528064516136,-0.0037197748502994336
-1.4268800000000001,-0.008171247329842929,0.004664689354838717,-0.004521882634730568
-1.43052,-0.008171247329842929,0.004664689354838717,-0.004521882634730568
-1.43416,-0.009354723769633505,0.0037194635483871075,-0.004722409580838357
-1.4378000000000002,-0.009354723769633505,0.0037194635483871075,-0.004722409580838357
-1.44144,-0.009354723769633505,0.0037194635483871075,-0.004722409580838357
-1.4450800000000001,-0.009354723769633505,0.0037194635483871075,-0.004722409580838357
-1.4487200000000002,-0.009354723769633505,0.0037194635483871075,-0.004722409580838357
-1.45236,-0.009025980314136121,0.0037194635483871075,-0.004822673053892241
-1.4560000000000002,-0.008499990785340313,0.004529657096774201,-0.004922936526946139
-1.45964,-0.009025980314136121,0.004664689354838717,-0.004421619161676677
-1.4632800000000001,-0.009025980314136121,0.004664689354838717,-0.004421619161676677
-1.4669200000000002,-0.009749215916230361,0.004664689354838717,-0.004922936526946139
-1.47056,-0.008434242094240837,0.004664689354838717,-0.004922936526946139
-1.4742000000000002,-0.008434242094240837,0.004664689354838717,-0.004922936526946139
-1.47784,-0.008434242094240837,0.004664689354838717,-0.004922936526946139
-1.48148,-0.009814964607329838,0.004259592580645169,-0.0037197748502994336
-1.48512,-0.010603948900523557,0.0038544958064516237,-0.004221092215568895
-1.4887599999999999,-0.010603948900523557,0.0038544958064516237,-0.004221092215568895
-1.4924,-0.008894482931937172,0.004259592580645169,-0.005223726946107812
-1.49604,-0.010669697591623034,0.0035844312903225897,-0.004622146107784466
-1.49968,-0.010669697591623034,0.0035844312903225897,-0.004622146107784466
-1.50332,-0.010669697591623034,0.0035844312903225897,-0.004622146107784466
-1.50696,-0.010275205445026175,0.004394624838709685,-0.004321355688622786
-1.5106,-0.009946461989528796,0.0041245603225806525,-0.005223726946107812
-1.51424,-0.009946461989528796,0.005069786129032267,-0.0039203017964072155
-1.51788,-0.0090917290052356,0.004259592580645169,-0.004722409580838357
-1.52152,-0.0090917290052356,0.004259592580645169,-0.004722409580838357
-1.52516,-0.0090917290052356,0.004259592580645169,-0.004722409580838357
-1.5288,-0.0090917290052356,0.004259592580645169,-0.004722409580838357
-1.53244,-0.0090917290052356,0.004259592580645169,-0.004722409580838357
-1.5360800000000001,-0.0090917290052356,0.004259592580645169,-0.004722409580838357
-1.53972,-0.010340954136125652,0.004394624838709685,-0.004622146107784466
-1.54336,-0.010340954136125652,0.004394624838709685,-0.004622146107784466
-1.547,-0.010340954136125652,0.004394624838709685,-0.004622146107784466
-1.55064,-0.009551969842931933,0.005744947419354848,-0.004321355688622786
-1.55428,-0.010275205445026175,0.004934753870967753,-0.004321355688622786
-1.55792,-0.010275205445026175,0.004934753870967753,-0.004321355688622786
-1.56156,-0.009551969842931933,0.00520481838709678,-0.0053239904191617095
-1.5652,-0.010340954136125652,0.00520481838709678,-0.004622146107784466
-1.56884,-0.010340954136125652,0.00520481838709678,-0.004622146107784466
-1.57248,-0.009814964607329838,0.004934753870967753,-0.0054242538922156
-1.57612,-0.009880713298429319,0.00520481838709678,-0.005624780838323382
-1.57976,-0.009880713298429319,0.00520481838709678,-0.005624780838323382
-1.5834000000000001,-0.010866943664921462,0.004934753870967753,-0.004521882634730568
-1.58704,-0.010406702827225129,0.0053398506451612995,-0.0054242538922156
-1.59068,-0.010603948900523557,0.00520481838709678,-0.0053239904191617095
-1.59432,-0.011721676649214658,0.004799721612903233,-0.004722409580838357
-1.59796,-0.011721676649214658,0.004799721612903233,-0.004722409580838357
-1.6016000000000001,-0.011721676649214658,0.004799721612903233,-0.004722409580838357
-1.60524,-0.010472451518324603,0.0053398506451612995,-0.004922936526946139
-1.60888,-0.010472451518324603,0.0053398506451612995,-0.004922936526946139
-1.6125200000000002,-0.010472451518324603,0.0053398506451612995,-0.004922936526946139
-1.61616,-0.010077959371727747,0.005069786129032267,-0.005825307784431171
-1.6198000000000001,-0.010406702827225129,0.00520481838709678,-0.0054242538922156
-1.62344,-0.011590179267015704,0.004799721612903233,-0.004421619161676677
-1.62708,-0.011590179267015704,0.004799721612903233,-0.004421619161676677
-1.6307200000000002,-0.011590179267015704,0.004799721612903233,-0.004421619161676677
-1.63436,-0.010340954136125652,0.00520481838709678,-0.005725044311377273
-1.6380000000000001,-0.010340954136125652,0.00520481838709678,-0.005725044311377273
-1.6416400000000002,-0.010340954136125652,0.005069786129032267,-0.005725044311377273
-1.64528,-0.011458681884816753,0.005069786129032267,-0.005725044311377273
-1.6489200000000002,-0.011458681884816753,0.005879979677419364,-0.004822673053892241
-1.65256,-0.011590179267015704,0.005879979677419364,-0.004822673053892241
-1.6562000000000001,-0.011590179267015704,0.004799721612903233,-0.005223726946107812
-1.6598400000000002,-0.011590179267015704,0.004799721612903233,-0.005223726946107812
-1.66348,-0.011590179267015704,0.004799721612903233,-0.005223726946107812
-1.6671200000000002,-0.011590179267015704,0.004799721612903233,-0.005223726946107812
-1.67076,-0.011590179267015704,0.004799721612903233,-0.005223726946107812
-1.6744,-0.01205042010471204,0.005069786129032267,-0.005524517365269491
-1.6780400000000002,-0.011984671413612563,0.005069786129032267,-0.006326625149700626
-1.68168,-0.011195687120418848,0.005474882903225816,-0.006326625149700626
-1.6853200000000002,-0.011195687120418848,0.005474882903225816,-0.006326625149700626
-1.6889600000000002,-0.011195687120418848,0.005474882903225816,-0.006326625149700626
-1.6926,-0.012379163560209423,0.0053398506451612995,-0.005825307784431171
-1.6962400000000002,-0.012379163560209423,0.0053398506451612995,-0.005825307784431171
-1.69988,-0.012379163560209423,0.0053398506451612995,-0.005825307784431171
-1.7035200000000001,-0.011195687120418848,0.005474882903225816,-0.006527152095808415
-1.70716,-0.012247666178010468,0.005609915161290332,-0.0054242538922156
-1.7107999999999999,-0.012313414869109942,0.005069786129032267,-0.005223726946107812
-1.71444,-0.012116168795811514,0.0053398506451612995,-0.006226361676646742
-1.71808,-0.012116168795811514,0.0053398506451612995,-0.006226361676646742
-1.72172,-0.012116168795811514,0.0053398506451612995,-0.006226361676646742
-1.72536,-0.011655927958115181,0.006150044193548396,-0.006226361676646742
-1.7289999999999999,-0.011655927958115181,0.006150044193548396,-0.006226361676646742
-1.73264,-0.011918922722513086,0.005474882903225816,-0.006527152095808415
-1.73628,-0.011918922722513086,0.005474882903225816,-0.006527152095808415
-1.73992,-0.01205042010471204,0.006285076451612911,-0.0068279425149700874
-1.74356,-0.01205042010471204,0.006285076451612911,-0.0068279425149700874
-1.7472,-0.01205042010471204,0.006285076451612911,-0.0068279425149700874
-1.75084,-0.01205042010471204,0.006285076451612911,-0.0068279425149700874
-1.75448,-0.013431142617801047,0.005474882903225816,-0.005524517365269491
-1.75812,-0.013431142617801047,0.005474882903225816,-0.005524517365269491
-1.76176,-0.013431142617801047,0.005474882903225816,-0.005524517365269491
-1.7654,-0.012313414869109942,0.00601501193548388,-0.006326625149700626
-1.76904,-0.011984671413612563,0.00601501193548388,-0.006326625149700626
-1.77268,-0.011984671413612563,0.006150044193548396,-0.005624780838323382
-1.7763200000000001,-0.011984671413612563,0.006150044193548396,-0.005624780838323382
-1.77996,-0.011984671413612563,0.006150044193548396,-0.005624780838323382
-1.7836,-0.013299645235602092,0.006420108709677429,-0.007028469461077876
-1.78724,-0.012510660942408377,0.006420108709677429,-0.006527152095808415
-1.79088,-0.012905153089005233,0.007230302258064527,-0.005925571257485055
-1.7945200000000001,-0.012905153089005233,0.007230302258064527,-0.005925571257485055
-1.79816,-0.012379163560209423,0.006690173225806463,-0.005925571257485055
-1.8018,-0.012379163560209423,0.006690173225806463,-0.005925571257485055
-1.8054400000000002,-0.012379163560209423,0.006690173225806463,-0.005925571257485055
-1.80908,-0.01310239916230366,0.006150044193548396,-0.007228996407185665
-1.81272,-0.0124449122513089,0.006690173225806463,-0.006627415568862306
-1.81636,-0.013431142617801047,0.006825205483870974,-0.006627415568862306
-1.82,-0.013431142617801047,0.006825205483870974,-0.006326625149700626
