ROV_heading,Camera_heading,Difference
0.4643144956133929,-0.0,0.4643144956133929
0.46945973516542044,0.42370541800044575,0.04575431716497469
0.4623166309622949,0.43308051637977973,0.029236114582515182
0.46002090123167755,0.43292833988973917,0.02709256134193838
0.4419586829239075,0.4321947479943616,0.009763934929545914
0.44262819552418337,0.4293027575480585,0.013325437976124843
0.4439316695097124,0.4285707938277083,0.015360875682004116
0.45449897288247976,0.4285551063406954,0.025943866541784377
0.45870837785887564,0.4258628886458161,0.03284548921305952
0.4652741845876692,0.43031855086281,0.034955633724859214
0.45710637232775553,0.4294553176989458,0.027651054628809735
0.46032208891501947,0.4323585212424027,0.027963567672616763
0.4613606309179483,0.4378571557223838,0.023503475195564505
0.4634828336674303,0.4294736032929926,0.034009230374437704
0.4618480024368582,0.42934874245320354,0.03249925998365466
0.455246411180678,0.4358010916105782,0.019445319570099817
0.459947373525462,0.4357398749467996,0.02420749857866239
0.4687567917182777,0.4250335563578148,0.04372323536046291
0.4615561046983813,0.4243479413726262,0.037208163325755106
0.46589334654156134,0.4382731040629466,0.02762024247861472
0.4664666422895174,0.4362630133072516,0.030203628982265807
0.46721059745898247,0.44316562544808624,0.024044972010896226
0.4726840987435401,0.4344453365162413,0.03823876222729883
0.46901181791838914,0.4318468035016825,0.037165014416706665
0.47008074776428266,0.446732738656875,0.02334800910740764
0.4581492749486471,0.4352736145477971,0.022875660400849984
0.4652256085571316,0.43607374757166895,0.02915186098546263
0.4620619556493632,0.4348127387310849,0.027249216918278307
0.47020269158789463,0.4401381905445541,0.03006450104334052
0.46637560535107636,0.4406604168591952,0.025715188491881147
0.4571159456545377,0.42986995414367984,0.02724599151085788
0.4571245278007462,0.4395017044115502,0.01762282338919602
0.4578456310640039,0.4287494247158156,0.02909620634818827
0.443683231143281,0.42117164645124805,0.02251158469203296
0.44324880996559435,0.4068855459488208,0.03636326401677353
0.4376276646212568,0.40659353250350866,0.031034132117748137
0.424799530434841,0.3918028518822317,0.03299667855260929
0.41640946347629487,0.3904064596492512,0.02600300382704368
0.4098974284568666,0.37888927079152535,0.031008157665341263
0.3945075110845173,0.368044231730719,0.02646327935379833
0.3926432232210128,0.36795286405281286,0.02469035916819995
0.3921049176423145,0.3478504426612559,0.044254474981058556
0.39239628009984895,0.31952536568069917,0.07287091441914978
0.34028531330009343,0.31956457791432497,0.020720735385768463
0.33560729823950447,0.29807650445384176,0.03753079378566271
0.3070559004362081,0.2837648428370928,0.023291057599115317
0.2839609825709707,0.26936185610518265,0.014599126465788037
0.2627364570386731,0.24218833312449736,0.020548123914175737
0.2368531344771785,0.24034451650970606,-0.0034913820325275513
0.2163424991154459,0.19224569650007892,0.02409680261536698
0.1997066344453615,0.1920272395239864,0.007679394921375093
0.16363891070954723,0.15172312607202376,0.011915784637523463
0.12527220623252852,0.09335242164631402,0.0319197845862145
0.11692516100379646,0.09315731568524074,0.02376784531855572
0.08404443378930918,0.06033880816544023,0.023705625623868944
0.07308087881961617,0.012493656209103376,0.06058722261051279
0.026409141113853507,0.01251111303569244,0.013898028078161068
0.0016378882003084683,-0.011605234651988327,0.013243122852296795
-0.025413571264057633,-0.0418983370253936,0.016484765761335965
-0.04642835448078181,-0.04194764649283392,-0.004480707987947891
-0.07342817555027936,-0.0778911231182371,0.004462947567957731
-0.08983948289552046,-0.13032480861148663,0.040485325715966164
-0.12203181878806202,-0.13046574780397682,0.008433929015914804
-0.13428520968144136,-0.1390153463415188,0.004730136660077433
-0.16257380715939063,-0.16475484814387895,0.0021810409844883194
-0.18739748164371994,-0.17805523118474614,-0.0093422504589738
-0.21009009455293676,-0.20515734114324932,-0.004932753409687435
-0.2310163092631085,-0.22177708357778927,-0.009239225685319236
-0.23975227000754146,-0.24599487221222432,0.006242602204682868
-0.24417486718817505,-0.26646413439485067,0.022289267206675623
-0.29404688691135017,-0.29286208977945,-0.0011847971319001727
-0.32261594821490197,-0.3067791554633802,-0.015836792751521778
-0.34399141718626214,-0.33338974797569,-0.010601669210572151
-0.36564851477963034,-0.34969057345539756,-0.015957941324232783
-0.3729015323354528,-0.3704993847077541,-0.002402147627698692
-0.3930524584632509,-0.3794402255754318,-0.013612232887819098
-0.4184974543182818,-0.4300881635779161,0.011590709259634346
-0.4315292076588408,-0.42966604294155814,-0.0018631647172826504
-0.436649056818772,-0.43059262087786904,-0.006056435940902938
-0.4623122196498362,-0.4783743153390231,0.016062095689186873
-0.4888055267286884,-0.47819936403800484,-0.01060616269068354
-0.5123520774549964,-0.500331758053242,-0.012020319401754409
-0.540852441409029,-0.5204673658287537,-0.020385075580275247
-0.5563058458724802,-0.5330331578585733,-0.023272688013906917
-0.5694272404760894,-0.5375237937301517,-0.0319034467459377
-0.5763062096014486,-0.5644473978387632,-0.01185881176268544
-0.5828576518483354,-0.5898742225598552,0.007016570711519843
-0.6045842755491921,-0.6062004673223687,0.0016161917731765119
-0.6213096493656097,-0.6060032216478831,-0.015306427717726612
-0.6370719775696201,-0.6369493494423685,-0.00012262812725161165
-0.6516844147399238,-0.6370389910779647,-0.01464542366195909
-0.6751352895520253,-0.6760585722872484,0.0009232827352231299
-0.6887125894776869,-0.6882799840918533,-0.0004326053858335621
-0.707070138181614,-0.6881446978674444,-0.01892544031416965
-0.7161485036251279,-0.7063031103279341,-0.009845393297193805
-0.7373497231542803,-0.706649533397312,-0.03070018975696831
-0.7487539881486969,-0.747901506653844,-0.0008524814948528414
-0.7783118788882759,-0.7632084951041761,-0.01510338378409981
-0.7890675042810764,-0.7632452194292687,-0.02582228485180771
-0.8074976531983705,-0.8038453915638396,-0.003652261634530918
-0.8208519280365033,-0.8036582803731575,-0.017193647663345857
-0.8356315424646038,-0.8012572977248845,-0.034374244739719284
-0.855685449360517,-0.823596768503399,-0.032088680857118024
-0.8734578529410074,-0.8415658632737077,-0.03189198966729967
-0.8937377858443238,-0.8692947746918582,-0.02444301115246561
-0.9050845301751536,-0.8816014684585223,-0.02348306171663128
-0.9301770805443699,-0.9168577397666765,-0.013319340777693367
-0.9501465690449038,-0.9271450030281023,-0.023001566016801478
-0.9792468278424126,-0.9910621891558524,0.011815361313439854
-0.9966825556427003,-0.9991400125574326,0.0024574569147323144
-1.0276441054569325,-0.9982442135209849,-0.02939989193594761
-1.0435026123607842,-1.055016297494168,0.011513685133383689
-1.0941805189204539,-1.1467440052876159,0.052563486367162016
-1.1319631098975107,-1.1465472353262285,0.014584125428717787
-1.1792458621344055,-1.2230230514456417,0.0437771893112362
-1.2087715276332636,-1.224276303169131,0.015504775535867488
-1.2461805168870268,-1.2509018280267992,0.004721311139772366
-1.2715976569829317,-1.298641061539765,0.027043404556833295
-1.3097366333470104,-1.3157543354214367,0.006017702074426312
-1.3302862765044376,-1.3474014993298356,0.017115222825397902
-1.3639814877708707,-1.3624987913192128,-0.0014826964516578833
-1.3867272447893642,-1.3958760232993481,0.009148778509983968
-1.417453462346122,-1.4594004127174163,0.04194695037129437
-1.4409843107377647,-1.459086991147644,0.01810268040987939
-1.4607362195804152,-1.5103637918515704,0.04962757227115522
-1.4945650423113028,-1.541992453951523,0.04742741164022024
-1.535647400195377,-1.5416271793506027,0.0059797791552256285
-1.5604441939277056,-1.5681177609576527,0.007673567029947037
-1.6084768930578701,-1.6277621819431476,0.019285288885277474
-1.639265237886139,-1.70043065497426,0.061165417088121066
-1.679529708858218,-1.6999339566484335,0.020404247790215546
-1.7065323769230782,-1.7350810184421472,0.028548641519068996
-1.7320321873596611,-1.7994713133810518,0.06743912602139068
-1.7589201759253443,-1.7990652402844434,0.040145064359099036
-1.7815325805470723,-1.8354115511737294,0.05387897062665714
-1.805036354777171,-1.8474691931845344,0.04243283840736334
-1.8516178108490435,-1.8968235536357867,0.045205742786743164
-1.882096351551191,-1.8967411209938758,0.01464476944268478
-1.9052513824378268,-1.9203297337377074,0.015078351299880666
-1.9243048123969697,-1.9464908025730001,0.0221859901760304
-1.9585887902687371,-1.9919784570322552,0.03338966676351807
-1.9851397676198137,-2.002544057856828,0.017404290237014397
-2.025868072867928,-2.05814530364444,0.03227723077651179
-2.053130493617922,-2.080917588849843,0.027787095231921022
-2.0808714527260803,-2.1536244898177523,0.07275303709167202
-2.112623167752887,-2.153714595018032,0.04109142726514525
-2.1301273163644803,-2.176183135021555,0.04605581865707453
-2.1623599248719043,-2.2292266043378577,0.06686667946595337
-2.1786845621625397,-2.247945770696933,0.06926120853439333
-2.2052782677692524,-2.253687720393953,0.048409452624700755
-2.2271036774560526,-2.289278751973983,0.06217507451793036
-2.2582957728078683,-2.289354892053086,0.031059119245217648
-2.2746919696849317,-2.304643086565953,0.029951116881021367
-2.297842896260601,-2.341018388872605,0.04317549261200382
-2.336533117236078,-2.3454565171189823,0.00892339988290436
-2.3571775572958122,-2.38338580617175,0.026208248875937645
-2.3937960022585765,-2.4056773932405067,0.011881390981930195
-2.4163381011791714,-2.4519912490688966,0.03565314788972529
-2.449834719836875,-2.475900397486009,0.026065677649134145
-2.4747716681542937,-2.531754313721677,0.056982645567383194
-2.5039631510357467,-2.5741710553503125,0.0702079043145658
-2.520826629313834,-2.5740604598460397,0.05323383053220576
-2.546166003990331,-2.583706963373395,0.03754095938306401
-2.560181475218967,-2.6130722169263003,0.05289074170733343
-2.5448752432260573,-2.618140965030692,0.07326572180463486
-2.5603577115956524,-2.6228593144956798,0.06250160290002738
-2.582133053367257,-2.6564440466346317,0.07431099326737467
-2.6017023651872595,-2.659564111775098,0.0578617465878386
-2.6253395358920097,-2.6826770420077826,0.05733750611577282
-2.6419195166814964,-2.69985553440956,0.05793601772806367
-2.663968894678212,-2.7143328362623853,0.05036394158417323
-2.678631830350842,-2.758605560371677,0.07997373002083474
-2.699104972967741,-2.758968681491289,0.05986370852354783
-2.7133550795110617,-2.769950611223843,0.05659553171278109
-2.7351316210009227,-2.7897126385074302,0.05458101750650757
-2.7486333130921556,-2.799306613094494,0.05067330000233827
-2.7659583789091107,-2.8300600593772733,0.06410168046816267
-2.7803512105742163,-2.8491223244779413,0.06877111390372503
-2.800646200436467,-2.867219525813452,0.0665733253769849
-2.8149507025452642,-2.8895007714228877,0.0745500688776235
-2.837222189352965,-2.9150834826580847,0.0778612933051197
-2.85118043481026,-2.926827276274547,0.07564684146428702
-2.8674443212276532,-2.9787782064620116,0.11133388523435839
-2.8793308248814844,-2.978356548658511,0.09902572377702645
-2.8927201519599715,-2.9809668379050014,0.08824668594502993
-2.900578935215127,-3.0095556009727527,0.10897666575762566
-2.9122763556213265,-3.014980502691785,0.1027041470704586
-2.9217530586369582,-3.0315873362397308,0.10983427760277253
-2.934590653486965,-3.0402502492597345,0.10565959577276951
-2.9427000070717657,-3.056870011572489,0.11417000450072345
-2.956450150475969,-3.0622125150007147,0.10576236452474586
-2.9642287386896613,-3.079461133663222,0.11523239497356075
-2.9771882508553347,-3.1247235163112053,0.1475352654558706
-2.984489422158565,-3.1246738410902157,0.1401844189316508
-2.9938027933808735,3.118205057280374,-6.112007850661247
-2.999779828396542,3.1183673090962576,-6.1181471374928
-3.008014385294427,3.102652808869232,-6.110667194163659
-3.012788242012587,3.102756533731336,-6.115544775743922
-3.0192474972538497,3.090102683089122,-6.109350180342972
-3.022214683407015,3.072530978586388,-6.094745661993403
-3.0271731806393047,3.0725594656092152,-6.09973264624852
-3.0293335870600706,3.0624214006662953,-6.091754987726366
-3.031633965825607,3.049556420663621,-6.081190386489228
-3.032340046831687,3.06473361591621,-6.097073662747897
-3.0318125577842103,3.069779150655175,-6.101591708439385
-3.0313158224432426,3.0897824344350164,-6.121098256878259
-3.0299528929399324,3.096834446811795,-6.126787339751727
-3.028384060174397,3.1251963121524176,-6.1535803723268145
-3.0254041591440086,3.124983695518528,-6.150387854662537
-3.021701122303939,3.132257047356462,-6.153958169660401
-3.016666573837624,-3.0986240540411667,0.08195748020354277
-3.0117123290162766,-3.0988563997676875,0.08714407075141084
-3.0040189336691823,-3.080456545963326,0.0764376122941437
-2.9977188289000445,-3.064061554653936,0.06634272575389133
-2.9867580878599296,-3.03713583897211,0.05037775111218057
-2.9817036857512047,-3.0204727207576036,0.038769035006398944
-2.964556649831673,-2.9914703536862253,0.026913703854552384
-2.9521003835215285,-2.958754251487884,0.006653867966355698
-2.9329483917900614,-2.91084523851148,-0.022103153278581367
-2.9171820844447316,-2.841529708039684,-0.0756523764050474
-2.892171284126283,-2.8420352267454523,-0.050136057380830934
-2.8730452590095616,-2.761389260374984,-0.11165599863457754
-2.842275965815276,-2.761964087500604,-0.08031187831467212
-2.8187585120585172,-2.708169731725903,-0.11058878033261443
-2.7776381195575977,-2.6925758706913236,-0.085062248866274
-2.7481336698940795,-2.6246892342617243,-0.12344443563235519
-2.7060767092048996,-2.5922644646757793,-0.11381224452912031
-2.6800996863432616,-2.525046622468808,-0.1550530638744534
-2.642560367525501,-2.5020747442289086,-0.14048562329659253
-2.606284450065556,-2.423929447080738,-0.182355002984818
-2.5551145129081103,-2.4237067663216467,-0.1314077465864636
-2.5294921035730544,-2.364707247847719,-0.16478485572533552
-2.4801582642781224,-2.343927983342214,-0.13623028093590817
-2.457016043396597,-2.306135264204999,-0.1508807791915978
-2.4142545607075903,-2.2864447015208476,-0.1278098591867427
-2.388009210692437,-2.255597860639324,-0.132411350053113
-2.3664679575113414,-2.225522239788165,-0.14094571772317632
-2.3300640126849985,-2.1863834883810123,-0.14368052430398626
-2.3090431237705884,-2.1860112602119717,-0.12303186355861673
-2.2826865421659224,-2.168738550264273,-0.11394799190164928
-2.2651018164054593,-2.1681346306015836,-0.09696718580387564
-2.23095914783987,-2.14761664294555,-0.08334250489432016
-2.211553073155956,-2.1391508684377007,-0.07240220471825509
-2.1923333916667014,-2.1201343855448416,-0.07219900612185981
-2.1842482659896296,-2.0937563364208804,-0.09049192956874919
-2.156639914085343,-2.068239466177277,-0.08840044790806623
-2.1394155797390044,-2.0678961361346158,-0.07151944360438867
-2.118001913843148,-2.0559288637092847,-0.062073050133863106
-2.1058135094528336,-2.029783529720974,-0.07602997973185976
-2.084243624071028,-2.029846507336229,-0.05439711673479897
-2.066421123276819,-1.9952259211564256,-0.07119520212039343
-2.042495020840686,-1.9951093365929564,-0.047385684247729376
-2.027869055063397,-1.969597169524156,-0.058271885539240786
-1.9997346871223076,-1.9561660336109223,-0.04356865351138528
-1.983361304219009,-1.9266676603572253,-0.05669364386178377
-1.9631303939444062,-1.8961874721455712,-0.0669429217988351
-1.9533494405851808,-1.8685973692551043,-0.08475207133007645
-1.9254633491540987,-1.867989310827005,-0.057474038327093746
-1.9093975244834267,-1.8558627584156049,-0.053534766067821815
-1.8877218161449216,-1.8276117014782451,-0.060110114666676484
-1.8726178157804898,-1.8182792949082203,-0.054338520872269536
-1.8542162426064261,-1.7773423708012968,-0.07687387180512939
-1.835502030733986,-1.7771326090878334,-0.05836942164615255
-1.8132862161806385,-1.747981517891513,-0.06530469828912544
-1.7946183929402073,-1.7311739898476868,-0.06344440309252053
-1.7796538158704445,-1.7145476423608366,-0.0651061735096079
-1.7557416491822433,-1.694565736755016,-0.06117591242722731
-1.7362238454618548,-1.6659792163250993,-0.07024462913675555
-1.6968920194618502,-1.6559489464612047,-0.04094307300064548
-1.676244363671595,-1.6032442080539768,-0.07300015561761808
-1.6462568625808136,-1.6031567142256729,-0.043100148355140755
-1.6284378360398706,-1.5651227510282406,-0.06331508501162997
-1.6005340685823535,-1.5294583311917336,-0.0710757373906199
-1.5792319565841328,-1.480377257825888,-0.09885469875824482
-1.5484872915204795,-1.4805918748371791,-0.06789541668330035
-1.5265442401241804,-1.480257754827322,-0.046286485296858526
-1.4910352692665698,-1.4386528795951627,-0.05238238967140707
-1.4695866523736578,-1.4211475088742496,-0.048439143499408255
-1.4368368366588422,-1.3802717149907615,-0.0565651216680807
-1.410420449049951,-1.3251053062885931,-0.08531514276135788
-1.3761196841737269,-1.3054363385892405,-0.07068334558448641
-1.3560390201049866,-1.3053136210623424,-0.05072539904264417
-1.3312764714613814,-1.2540677187940978,-0.07720875266728355
-1.2959263031087822,-1.2220192352949406,-0.0739070678138416
-1.2752441811503048,-1.2216926763734013,-0.053551504776903514
-1.2517916558232232,-1.2045571970482825,-0.0472344587749407
-1.2118550889276472,-1.1729068160227294,-0.03894827290491776
-1.1926018067909645,-1.1510882947054761,-0.04151351208548837
-1.1655303385407534,-1.1166154164426827,-0.04891492209807069
-1.151890826102634,-1.0826235241368407,-0.06926730196579323
-1.1325467846041162,-1.044783368156281,-0.08776341644783514
-1.1021224782607737,-1.0316377317063583,-0.07048474655441539
-1.074833899328035,-1.0237859451244058,-0.05104795420362929
-1.0610555628608358,-1.0069392772145904,-0.05411628564624538
-1.0385852019126594,-1.007127290279898,-0.03145791163276135
-1.0169742861915283,-0.9617019991334773,-0.055272287058050984
-0.9861200051672836,-0.9618713803728619,-0.02424862479442169
-0.9668574266261154,-0.9225979358168724,-0.04425949080924296
-0.9454928849448545,-0.913498939104441,-0.031993945840413485
-0.9241264183556753,-0.8824161051309038,-0.04171031322477148
-0.9114513534762128,-0.8361792769188141,-0.07527207655739865
-0.882908668313442,-0.8358941376366308,-0.04701453067681116
-0.859837482012358,-0.8215731285600114,-0.03826435345234658
-0.8334915853792225,-0.7969210303012185,-0.036570555078004
-0.8220103457080683,-0.7968911079398916,-0.025119237768176705
-0.8051238245494272,-0.7568155022538056,-0.04830832229562165
-0.788792486686989,-0.7335008862669471,-0.055291600420041886
-0.7670321717879472,-0.73324686174697,-0.03378531004097729
-0.7473481870483011,-0.7123512609573792,-0.034996926090921865
-0.725563276904833,-0.6875090356874194,-0.03805424121741363
-0.716414350954949,-0.667571782903135,-0.04884256805181397
-0.6966874822975407,-0.6675552361871054,-0.0291322461104353
-0.6711662958237038,-0.6279375545356602,-0.04322874128804355
-0.6429036079594779,-0.6278013913140612,-0.015102216645416666
-0.6254925904519796,-0.5844248253781593,-0.04106776507382026
-0.6018346225926778,-0.5843264869630674,-0.0175081356296104
-0.5813135859556131,-0.5383554799937226,-0.042958105961890536
-0.5535450418274858,-0.5383915346269903,-0.015153507200495464
-0.5421248930651914,-0.5195694712432707,-0.022555421821920718
-0.5330517590929973,-0.5052366017335598,-0.027815157359437515
-0.505406315975447,-0.4653285085994692,-0.040077807375977825
-0.4671868072606362,-0.4430511584998349,-0.02413564876080132
-0.44033108367376095,-0.4142146882166857,-0.026116395457075225
-0.40346759075285277,-0.39460204882333183,-0.008865541929520937
-0.39660555436593625,-0.3517379819929707,-0.04486757237296557
-0.38580247355726666,-0.32978935637665047,-0.05601311718061619
-0.3025070947696212,-0.29249192390739737,-0.01001517086222381
-0.28095570769262823,-0.2401756699850319,-0.040780037707596334
-0.23859025424137967,-0.1995862507432567,-0.03900400349812297
-0.21012687755000561,-0.18390509670201585,-0.026221780847989762
-0.16609195794727835,-0.18388375163420784,0.017791793686929486
-0.16400000541701357,-0.1484380431028115,-0.015561962314202066
-0.12097545907845339,-0.12753587329332308,0.006560414214869692
-0.096491474419404,-0.097795477010032,0.0013040025906279895
-0.06400837445232116,-0.08777154887041133,0.02376317441809017
-0.049463010985292655,-0.048810849102025405,-0.0006521618832672493
-0.04792556588166491,-0.038939369227254356,-0.008986196654410555
-0.021351480248087584,-0.02618064771754,0.004829167469452417
-0.004942057597023042,-0.020379370527914557,0.015437312930891515
-0.00122356124862949,0.0016567179989277554,-0.0028802792475572454
0.021205741535142236,0.004598353815294579,0.01660738771984766
0.020825384076645775,0.020952312471549425,-0.00012692839490364982
0.03061659632000216,0.035436670017112634,-0.004820073697110475
0.03554560224475317,0.04562916424424296,-0.010083561999489787
0.025726182601978398,0.04503070291224904,-0.01930452031027064
0.07142878492978341,0.05705969552343635,0.014369089406347062
0.0958700513649107,0.07369748539799993,0.022172565966910765
0.09547649808783851,0.10124558899426217,-0.005769090906423663
0.08668082092201043,0.10167669392216427,-0.014995873000153842
0.12559307780231987,0.09946361751731282,0.026129460285007053
0.14323272990009858,0.12675179164494635,0.016480938255152233
0.16150590781450358,0.12909611746651428,0.0324097903479893
0.16216279083055535,0.15209131718377994,0.010071473646775408
0.17219166577967004,0.16465460247224192,0.007537063307428121
0.17464307308926588,0.16451630270635806,0.010126770382907824
0.19517762481318326,0.172249890964619,0.022927733848564252
0.21680612435525348,0.191036876708684,0.025769247646569488
0.22772950045588825,0.19111352358279257,0.036615976873095674
0.23439289148310133,0.22080655907104854,0.013586332412052787
0.2351203047370356,0.2226649297291271,0.012455375007908498
0.25353758493258516,0.2439881110346109,0.009549473897974253
0.2662442053759857,0.25535318078613745,0.010891024589848253
0.2560561766078828,0.2576828482426209,-0.0016266716347380639
0.27293774986832053,0.2541495382684269,0.018788211599893634
0.2758241381466239,0.25408997063473554,0.021734167511888336
0.2802521687146823,0.25409269586411065,0.02615947285057163
0.2762543349654726,0.2528668091708107,0.023387525794661856
0.27418032449507446,0.2527830391461972,0.02139728534887725
0.2673166743355822,0.24844709859034622,0.018869575745235984
0.2630343561027969,0.24580765986546763,0.01722669623732928
0.24778556889203052,0.23308230878706465,0.014703260104965865
0.24466129990080873,0.22290695833702176,0.021754341563786972
0.24404604774455418,0.23004192518387453,0.01400412256067965
0.24839085717946596,0.22261025240624716,0.025780604773218807
0.2520472090516842,0.22199514581247332,0.03005206323921089
0.2559496485483774,0.24518660971008185,0.010763038838295519
0.2743192544907631,0.26248508426478234,0.011834170225980767
0.2949670370052104,0.2688162401811407,0.026150796824069678
0.3108945085639261,0.268875279656562,0.04201922890736409
0.3228847004694631,0.2953412509921528,0.0275434494773103
0.331861404073111,0.29724532526520925,0.03461607880790174
0.3465184261228363,0.34157835857114266,0.004940067551693628
0.36576104152863664,0.34167860944043266,0.024082432088203987
0.3903746119716161,0.3503152388913194,0.04005937308029672
0.40955764555091456,0.38490937297177974,0.024648272579134822
0.416961816832582,0.3850155367009472,0.03194628013163481
0.4116552025594596,0.420291740142327,-0.00863653758286742
0.41364397865414204,0.42051291338808056,-0.006868934733938514
0.44633116402905915,0.44805805833627826,-0.0017268943072191179
0.48400184678722913,0.46228161788607863,0.021720228901150496
0.49238624441854684,0.46232594279290296,0.03006030162564388
0.49439828887408255,0.47164979888701986,0.022748489987062692
0.5176257827622126,0.4900818962413084,0.027543886520904226
0.5382800576005573,0.4972833644803933,0.04099669312016402
0.5483743207333721,0.5256651148109319,0.02270920592244019
0.5664661282553476,0.5256392854515763,0.040826842803771246
0.576082141596006,0.5519311391146042,0.024151002481401784
0.5755486886390992,0.5670784485994037,0.008470240039695542
0.5764856431763288,0.5670697701850416,0.00941587299128721
0.5996123957303182,0.5872361189297671,0.01237627680055109
0.6213453462557117,0.6110683484790593,0.010276997776652363
0.6303625939456556,0.6111332022596567,0.01922939168599891
0.6401927576873716,0.6377267232175219,0.0024660344698497205
0.6411973772638,0.6377353353893269,0.0034620418744730763
0.6418228450602512,0.6365121352841535,0.005310709776097711
0.6625333688592814,0.6534789778523762,0.009054391006905194
0.6871488623353322,0.6522576800435881,0.03489118229174415
0.6936147243865478,0.6646461236614342,0.028968600725113647
0.6944003383854302,0.66462188119453,0.02977845719090022
0.6981757185633404,0.6758830318145035,0.022292686748836887
0.7114989614328613,0.6781879316141034,0.03331102981875789
0.7165996315391128,0.6894068444788798,0.02719278706023298
0.7210912265053196,0.6936106500070653,0.027480576498254305
0.7262027859595082,0.7007479975555675,0.025454788403940665
0.7265845845393009,0.7063419116342787,0.02024267290502213
0.7306900349569896,0.716173117348815,0.01451691760817464
0.7396061328728334,0.7188576419204203,0.020748490952413046
0.7505414187673793,0.7270025745342147,0.023538844233164657
0.7532050321740877,0.7326934314260535,0.020511600748034264
0.7545820099264526,0.7327588578606841,0.02182315206576857
0.7547852476423864,0.7437710950219188,0.011014152620467565
0.7730655155577151,0.7546484715062393,0.018417044051475817
0.7766098993360684,0.7697977443286546,0.006812155007413834
0.7976610435040775,0.7740339297963024,0.02362711370777515
0.8001041338694285,0.7941524794168889,0.005951654452539534
0.818056242955967,0.7942848645239782,0.023771378431988843
0.8304275753246265,0.8130339971166546,0.017393578207971938
0.839011691786267,0.81696326408783,0.022048427698436956
0.8511853920594332,0.8420248517132849,0.009160540346148327
0.8645209419816658,0.8422238664177938,0.02229707556387206
0.8812084495115959,0.8773870754797847,0.0038213740318112643
0.8918576612981881,0.884728330480298,0.007129330817890134
0.9070518822313162,0.9149440802533397,-0.007892198022023567
0.9301658401833258,0.9268101366506319,0.0033557035326938767
0.9427015092533054,0.9507790106993711,-0.008077501446065671
0.9646560311481847,0.9613633051923843,0.003292725955800324
0.9730236219769641,0.992376263995726,-0.019352642018761856
0.9850395024604434,0.9922110556878839,-0.0071715532274405636
0.9962718030456106,0.9957133313911526,0.0005584716544579926
1.0069187831768294,1.0172052199106523,-0.010286436733822901
1.01742541997884,1.0170784368710701,0.000346983107769816
1.02358132011717,1.0212584222205316,0.0023228978966383096
1.0253119312505021,1.0273146314432684,-0.0020027001927662713
1.0322812569705482,1.0423507010442907,-0.01006944407374255
1.046115076101058,1.0471404775178004,-0.0010254014167423442
1.0512151686052906,1.056047883197404,-0.00483271459211343
1.0627171766232115,1.076092071321063,-0.01337489469785158
1.0685303728869855,1.075960842868184,-0.007430469981198451
1.0783967594268153,1.0894701611305002,-0.01107340170368487
1.0840927979768091,1.0896103844550276,-0.005517586478218428
1.0939220326670385,1.1006201067481278,-0.006698074081089356
1.0974015658872882,1.1079069645909247,-0.010505398703636537
1.1057633318314306,1.1056340256893078,0.00012930614212280922
1.110563055384849,1.1159881543036596,-0.005425098918810711
1.1176853908727702,1.117407163887431,0.00027822698533919166
1.1241353096928304,1.1280914256602974,-0.003956115967467033
1.1308110965948175,1.1367391665824107,-0.00592806998759321
1.1350221243583654,1.145788676795048,-0.010766552436682675
1.1439709510914116,1.1551669620877516,-0.011196010996340044
1.1474234285989704,1.1552093440599815,-0.00778591546101115
1.156425614526832,1.1716463737234069,-0.015220759196574951
1.1607997882171146,1.1717020221818868,-0.01090223396477219
1.1671974091438013,1.174429596466444,-0.007232187322642636
1.169675634640541,1.184657155049614,-0.01498152040907308
1.1723855716068599,1.1847427759678812,-0.01235720436102139
1.1765784013656828,1.1914092488266521,-0.014830847460969299
1.185110476681362,1.2009274608335831,-0.015816984152221103
1.1914656035185707,1.202653865399354,-0.011188261880783257
1.1970512820878454,1.2084944011480323,-0.011443119060186913
1.1994789368207108,1.2208860654176275,-0.021407128596916625
1.2016962683353913,1.2192031741927865,-0.017506905857395116
1.204632384386754,1.2277040869144136,-0.023071702527659665
1.2134221708560755,1.2349927489474866,-0.021570578091411052
1.2196846618439896,1.2422903112351165,-0.02260564939112686
1.2283156910770692,1.2424322994425503,-0.01411660836548112
1.2336778436479547,1.25910477362243,-0.025426929974475154
1.2445900319736112,1.2651604215916832,-0.020570389618072005
1.249171228843873,1.2769385465264527,-0.027767317682579673
1.259164487428904,1.2834320622130981,-0.024267574784194057
1.265853817406011,1.2908828114660338,-0.02502899406002279
1.272874293242452,1.2896642972475743,-0.016790004005122316
1.2774056222688923,1.2975776601081517,-0.02017203783925936
1.2803848857197309,1.3009578991074096,-0.020573013387678696
1.2828347795172643,1.3015678147600456,-0.01873303524278125
1.2863862974851723,1.296018603091604,-0.009632305606431801
1.2874743449361956,1.2958579709134652,-0.008383625977269604
1.29051735957271,1.303686440095361,-0.013169080522650978
1.2917006741542196,1.3059314781560776,-0.014230804001857944
1.2940234656686336,1.303201986717211,-0.009178521048577526
1.2958501405503742,1.3089331078696054,-0.013082967319231198
1.2995251279244322,1.3090588889817234,-0.009533761057291201
1.303372492222287,1.3294084149624419,-0.026035922740154982
1.3083834569068604,1.3295970120374645,-0.021213555130604078
1.313851023578936,1.3386321607405036,-0.0247811371615676
1.3212531551057525,1.3388985401096432,-0.01764538500389068
1.3262932368570821,1.3593431468081922,-0.033049909951110124
1.335285785246403,1.3592099055937894,-0.023924120347386335
1.3419261280242927,1.3626933596105955,-0.02076723158630278
1.3533044065081832,1.3782995918445455,-0.024995185336362358
1.3615376466350617,1.3887877489941718,-0.027250102359110073
1.3722231353889087,1.3972250940892925,-0.025001958700383797
1.3798082530565967,1.4035018829613433,-0.02369362990474655
1.3908593068194957,1.4232374423204337,-0.03237813550093804
1.39907884709045,1.4323383966317766,-0.033259549541326594
1.4115868643935348,1.4465294960821409,-0.03494263168860612
1.418094684906104,1.4517905111085432,-0.03369582620243916
1.429973002583282,1.459340951722031,-0.029367949138749072
1.4362867646845905,1.4699086749484922,-0.03362191026390171
1.4459232973349057,1.4857567209341982,-0.03983342359929254
1.454289432432029,1.485665854700264,-0.031376422268234894
1.4646031748927597,1.4983367930985785,-0.03373361820581877
1.471390000541203,1.5111600616907135,-0.03977006114951043
1.4795014804856914,1.5160829737031367,-0.036581493217445304
1.4849766078421993,1.51937111538875,-0.0343945075465506
1.490512647766559,1.5286497014840112,-0.03813705371745235
1.4953034964498368,1.5285208175726026,-0.033217321122765764
1.5018431045798293,1.5283046333317931,-0.026461528751963836
1.5069086287317834,1.5360098418590598,-0.029101213127276315
1.5165084890915577,1.5414027933344092,-0.02489430424285155
1.5228673602848055,1.568622700847522,-0.04575534056271646
1.5338427039219318,1.574067593808345,-0.04022488988641326
1.543448400488992,1.574256854747034,-0.030808454258042017
1.5547529398580275,1.5903433135428304,-0.03559037368480289
1.5658743570900708,1.5996920544725606,-0.03381769738248974
1.5749620076878854,1.6107494341100854,-0.03578742642220001
1.5867329413710096,1.6292959234061246,-0.04256298203511499
1.5977223326119967,1.638362713914575,-0.04064038130257841
1.6088421345088857,1.6548605782828623,-0.04601844377397657
1.6232143760273616,1.669264956061234,-0.04605058003387241
1.6342987081583134,1.6828829000313363,-0.048584191873022986
1.6419419059802052,1.6902830847436696,-0.04834117876346444
1.6534590848005724,1.7054786047621133,-0.05201951996154097
1.6621137802637445,1.7053163765636175,-0.043202596299873
1.6762271013680852,1.7126574252696285,-0.03643032390154333
1.6842196023613283,1.7346002813858339,-0.050380679024505604
1.691909732828196,1.7346042289612231,-0.042694496133027116
1.7011224497176474,1.7491059718750186,-0.04798352215737123
1.711115879645051,1.7761822663451305,-0.06506638670007958
1.7246771799921379,1.7799048326359295,-0.05522765264379159
1.7322151955113032,1.7797583576145013,-0.04754316210319809
1.7419755682494036,1.7851985628062104,-0.04322299455680678
1.7477519917030968,1.7863268673797095,-0.03857487567661266
1.7580900853201202,1.7968153175622537,-0.03872523224213342
1.7660779734009615,1.812601122072197,-0.046523148671235415
1.7775317770164416,1.8236180271066136,-0.046086250090171976
1.7844117585358783,1.8234442476053678,-0.03903248906948953
1.7936611855678994,1.8327412625403565,-0.03908007697245708
1.7987368639121062,1.8408579396039901,-0.04212107569188395
1.8083422833618736,1.8498824654896713,-0.04154018212779764
1.815066368916731,1.850004176947934,-0.034937808031203055
1.8255562847264428,1.856296614064016,-0.030740329337573202
1.8325556139774541,1.8719432943142111,-0.03938768033675699
1.8414678342790107,1.8720357765879292,-0.03056794230891846
1.847838989111139,1.8859987522867245,-0.03815976317558545
1.85801501271607,1.8976727135297966,-0.03965770081372666
1.8652522493213501,1.9029671580779604,-0.03771490875661021
1.8755698343827985,1.9028550906059236,-0.027285256223125165
1.8838809495878943,1.9079491554061843,-0.024068205818289945
1.895388885837543,1.9218846581558007,-0.026495772318257726
1.9017960186825924,1.924985573486017,-0.02318955480342466
1.914229516748978,1.9365405561316893,-0.022311039382711284
1.921914180973396,1.9573499044526297,-0.03543572347923374
1.9355388239068874,1.9573238407835998,-0.021785016876712415
1.943495722340976,1.976578036079289,-0.03308231373831316
1.9565667195741054,1.9924226665299636,-0.03585594695585814
1.9637418651194305,1.9983454686646382,-0.03460360354520775
1.9782831688264777,2.0102451602226563,-0.03196199139617861
1.9867138310111798,2.0162515675274024,-0.0295377365162226
2.000216304719943,2.027540371630786,-0.02732406691084277
2.00897842987111,2.052740802217006,-0.04376237234589597
2.022775030042095,2.0526709881589125,-0.029895958116817667
2.0314658145938105,2.0774052579421163,-0.0459394433483058
2.040837149840093,2.0774636888588445,-0.03662653901875146
2.0559566314759636,2.0974099033658558,-0.04145327188989212
2.062274582703201,2.0974759567784855,-0.03520137407528434
2.069919592211522,2.1092557111397965,-0.03933611892827438
2.081248470639509,2.1225800850011494,-0.041331614361640234
2.0948645444576464,2.125828600128121,-0.030964055670474444
2.1098107095779457,2.1488626854831763,-0.039051975905230574
2.118734791126159,2.1660197817377673,-0.04728499061160818
2.130650930321466,2.1777804319248055,-0.04712950160333973
2.137770582112257,2.1776547552527044,-0.039884173140447565
2.152296740663914,2.1867719777888057,-0.034475237124891756
2.161425982843273,2.2081209660678613,-0.04669498322458843
2.173663366411439,2.2053023592707457,-0.031638992859306825
2.1825678192081264,2.213322077458732,-0.030754258250605737
2.190872286620202,2.2147856075132304,-0.023913320893028445
2.2036160250832673,2.2320050479488165,-0.02838902286554923
2.211328368911454,2.2383108833927228,-0.026982514481268982
2.2210886028615793,2.24683277326851,-0.025744170406930778
2.2284751374117224,2.2522731085547463,-0.023797971143023844
2.239599799071563,2.271826349799415,-0.0322265507278523
2.2470073122072534,2.2718357169532712,-0.024828404746017885
2.2568776865726923,2.2783878499256196,-0.021510163352927325
2.2638681519830612,2.2784094461458877,-0.014541294162826457
2.274046230826639,2.2987514913226166,-0.024705260495977655
2.28266491963844,2.298834015966011,-0.01616909632757091
2.2925284879385264,2.324303798179005,-0.03177531024047875
2.2993386255627644,2.3243874403670546,-0.02504881480429022
2.310298585128416,2.355428056763577,-0.0451294716351609
2.3154733531354177,2.3540313593288427,-0.038558006193424976
2.327716238797174,2.354149055341717,-0.02643281654454288
2.3349744884384966,2.3656362759969864,-0.030661787558489806
2.3480917631567664,2.3714901612374386,-0.023398398080672234
2.3551198583948776,2.3897290296181026,-0.034609171223225044
2.363640987649345,2.41789727452239,-0.05425628687304496
2.371984071652061,2.4177457948465175,-0.04576172319445648
2.384494995763372,2.4210518788800233,-0.036556883116651395
2.3911672494495466,2.4412049824483883,-0.05003773299884173
2.40147293766929,2.4530655544282434,-0.05159261675895355
2.4097403855177655,2.4575713848174594,-0.04783099929969392
2.42050766903818,2.4714348488482423,-0.05092717981006212
2.4274121851736443,2.4882625972536982,-0.06085041208005393
2.439213501194583,2.4882244854284705,-0.04901098423388772
2.445114498606392,2.5094445524291724,-0.06433005382278045
2.4566198847347938,2.5343851156944424,-0.0777652309596486
2.461759948385289,2.534371506488931,-0.07261155810364173
2.4703985400079524,2.544949602831927,-0.0745510628239745
2.475928770432009,2.555209407201304,-0.07928063676929487
2.485024424260564,2.5737018438327155,-0.08867741957215136
2.491045327985838,2.5846243366891115,-0.09357900870327329
2.497096229098839,2.5925604185753266,-0.0954641894764876
2.5086605733960647,2.6242226912970894,-0.11556211790102466
2.513830183437836,2.6339504620656298,-0.12012027862779373
2.522038452077872,2.6338020501457184,-0.11176359806784664
2.5265767123037235,2.653204415391461,-0.1266277030877374
2.5346445873865915,2.6580562228454303,-0.12341163545883882
2.5378456248328214,2.675783598538752,-0.13793797370593053
2.5416747893307488,2.684508092117723,-0.14283330278697415
2.547262115986232,2.692707893697756,-0.14544577771152412
2.550539073817423,2.7018931605856573,-0.15135408676823436
2.5549016025902533,2.7087267502066332,-0.1538251476163799
2.557660191283902,2.733255703231696,-0.17559551194779432
2.5627767842933986,2.73354415262884,-0.17076736833544137
2.565835236011468,2.7404156517967757,-0.1745804157853077
-2.716195689692016,2.7475699800592044,-5.46376566975122
-2.723813881514252,2.746831645649761,-5.470645527164013
-2.7342168110497918,2.7421112905204192,-5.4763281015702105
-2.7356026758716587,2.735801766390283,-5.471404442261942
-2.7420771849209653,2.734614466975624,-5.476691651896589
-2.7498171882175626,2.730432944928065,-5.480250133145628
-2.7561537522368615,2.7327647990602397,-5.488918551297101
-2.7600200758108335,2.7332918772697106,-5.4933119530805445
-2.769274876612994,2.733078302404969,-5.5023531790179625
-2.774013947485771,2.730076940382415,-5.504090887868186
-2.779486796067144,2.7277543069964487,-5.507241103063593
-2.78317992007047,2.73561033945999,-5.51879025953046
-2.7893646723753047,2.7347195722503392,-5.524084244625644
-2.7941513709157517,2.735076611022824,-5.5292279819385755
-2.799750226367347,2.729621914298791,-5.529372140666139
-2.80488747410784,2.7411062792006247,-5.545993753308465
-2.81170951355689,2.738002433827152,-5.549711947384042
-2.8167856065800247,2.748615080069479,-5.565400686649504
-2.825025781370328,2.7606074651552794,-5.5856332465256076
-2.8341016767001954,2.756545212700981,-5.590646889401176
-2.840369667997516,2.750627909386205,-5.590997577383721
-2.851739410688938,2.774683478043936,-5.626422888732874
-2.86056316525311,2.7746525706063494,-5.635215735859459
-2.8721968001061384,2.7979339853578225,-5.670130785463961
-2.883177049608834,2.797903515383789,-5.681080564992623
-2.898486686571221,2.8103203036532247,-5.708806990224446
-2.909839764644069,2.825980023409282,-5.735819788053351
-2.924805203337679,2.8342882893336587,-5.7590934926713375
-2.9342413338604745,2.8579473444031924,-5.792188678263667
-2.9476284422593784,2.865890572708103,-5.813519014967481
-2.9582470524179767,2.8923615068164255,-5.850608559234402
-2.9718445395319737,2.8921482296868324,-5.863992769218806
-2.9797816845099594,2.9097123566830643,-5.889494041193023
-2.991594107529627,2.9164839512246368,-5.908078058754263
-2.999294559849131,2.944869352718313,-5.9441639125674435
-3.00558801109694,2.9555458159354173,-5.9611338270323575
-3.0140098912972824,2.9730908182901015,-5.987100709587384
-3.01837011941335,2.9961887430228,-6.01455886243615
-3.026383600537942,2.9957983144291727,-6.022181914967115
-3.0312677229398863,3.0172908448075852,-6.048558567747472
-3.0381611441320606,3.052517309507096,-6.090678453639157
-3.041306311788728,3.0533993052502657,-6.0947056170389935
-3.0442431141350306,3.091042770604599,-6.13528588473963
-3.045716617349534,3.095515687431925,-6.141232304781459
-3.047241065384954,3.0951054987350615,-6.1423465641200155
-3.047779010921337,3.1174416969828975,-6.1652207079042345
-3.0477335896667257,3.117501869370087,-6.165235459036813
-3.0470820079964933,3.133684455326314,-6.180766463322808
-3.0449422310924685,-3.1413277735850085,0.09638554249253994
-3.0434209340248444,-3.1360464223671025,0.09262548834225814
-3.0408113872380085,-3.122524001221597,0.08171261398358842
-3.0390209216310544,-3.1144132195228194,0.07539229789176494
-3.036931523150064,-3.1012341707387017,0.06430264758863746
-3.035195554496945,-3.100225718275245,0.06503016377829995
-3.0341638273083094,-3.1031245900173077,0.06896076270899831
-3.0329133692995236,-3.121175114652415,0.08826174535289155
-3.032437609492077,-3.1208335739115682,0.08839596441949116
-3.032542406260951,-3.137058663743078,0.104516257482127
-3.0331364018726075,-3.136500788150927,0.10336438627831956
-3.0339729612976587,3.141564413516628,-6.1755373748142866
-3.0339060916479137,3.1363623107753718,-6.170268402423286
-3.034794795124285,3.1264569634293906,-6.161251758553675
-3.034991490147843,3.1232679892951403,-6.158259479442983
-3.0353363148006385,3.1184659085452346,-6.153802223345873
-3.035108284842827,3.1187095616685805,-6.153817846511407
-3.034174233861255,3.1180890771197585,-6.152263310981013
-3.0335846713634456,3.1183447802064848,-6.151929451569931
-3.0321188218834623,3.1260263403559834,-6.158145162239446
-3.031037444646247,3.1411131290453858,-6.172150573691633
-3.028989064087116,-3.135808873847873,0.10681980976075689
-3.027844725837184,-3.1231266805736677,0.0952819547364836
-3.0261172272420365,-3.1204283312964964,0.09431110405445997
-3.023823646054373,-3.1153806674082616,0.09155702135388877
-3.021702692894056,-3.1050695873590834,0.08336689446502765
-3.0190279066947427,-3.1051319029926634,0.08610399629792065
-3.014784543479556,-3.088585427149537,0.07380088366998105
-3.011245953283208,-3.069382751523494,0.05813679824028606
-3.0068697332392484,-3.056443927031992,0.049574193792743415
-3.002677329357764,-3.039872179972716,0.0371948506149522
-2.9966610334734876,-3.031199322966967,0.03453828949347937
-2.9916072738198194,-3.0231779512550374,0.03157067743521802
-2.9848864637858474,-3.0059911569759863,0.021104693190138857
-2.9810005668366077,-2.9939282378614904,0.012927671024882681
-2.97693501310777,-2.9743928741334074,-0.0025421389743627287
-2.96766356157202,-2.9741812925433866,0.006517730971366653
-2.961519072707401,-2.9410980164937244,-0.020421056213676625
-2.952998155571607,-2.9413248423484393,-0.011673313223167892
-2.9466646836497854,-2.9282887539928204,-0.018375929656964995
-2.9372900532016653,-2.9208124705840954,-0.01647758261756982
-2.9300696139994047,-2.9054340366028364,-0.024635577396568298
-2.9246513640531395,-2.900981461313638,-0.023669902739501314
-2.912059093731211,-2.8976704416212598,-0.014388652109951217
-2.9066908948131993,-2.8734388042653696,-0.03325209054782974
-2.901985415963756,-2.8733380951764005,-0.028647320787355657
-2.900589552657416,-2.873211013771829,-0.027378538885586945
-2.897428824272648,-2.866879752325883,-0.03054907194676515
-2.899101934653513,-2.878358809788911,-0.02074312486460217
-2.898941728654533,-2.891498368550578,-0.007443360103954966
-2.9014172846457313,-2.9031531329587446,0.0017358483130132107
-2.907110728639366,-2.9026937911678994,-0.004416937471466653
-2.9116560204256743,-2.9313215926095135,0.01966557218383924
-2.917874096120591,-2.9365150844633496,0.018640988342758735
-2.929589378221726,-2.9612479686687143,0.03165859044698838
-2.938421760832057,-2.981254255608649,0.042832494776592345
-2.9467772496582727,-3.004255055634984,0.05747780597671115
-2.954023408077429,-3.015889983017991,0.061866574940562025
-2.963811784981283,-3.0469493333345694,0.08313754835328657
-2.971800577109999,-3.063894440075904,0.09209386296590516
-2.9824013892097234,-3.098639378576409,0.11623798936668539
-2.988837783550789,-3.1013010084685995,0.11246322491781058
-2.9976175702204615,-3.1407025801798665,0.14308500995940499
-3.0031607289079645,-3.140530113941113,0.13736938503314855
-3.012294895762111,3.113848524914257,-6.126143420676367
-3.0181690699411714,3.0887938861374677,-6.10696295607864
-3.025638621718182,3.08886241457255,-6.114501036290732
-3.030237541497535,3.0714558120687987,-6.101693353566334
-3.036625970137757,3.0486573729487527,-6.08528334308651
-3.040121528972984,3.019714622351826,-6.05983615132481
-3.0446156730310756,2.999669483846397,-6.044285156877473
-3.0466951549723773,2.963857736303871,-6.010552891276248
-3.047820483827677,2.9169739724470185,-5.964794456274696
-3.047082760644675,2.917214445678826,-5.964297206323501
-3.044069929398377,2.904856677945749,-5.948926607344125
-3.039576569348079,2.870464910927094,-5.910041480275173
-3.029998091477737,2.840077544186497,-5.870075635664234
-3.0215223660757964,2.77452362575712,-5.796045991832917
-3.0061816991544568,2.7747675875540745,-5.780949286708531
-2.9924098793730822,2.7423606498849127,-5.734770529257995
-2.9661215098259928,2.7205931067691416,-5.686714616595134
-2.9476034163226887,2.6629346704707495,-5.610538086793438
-2.9172008240004117,2.6629941874416323,-5.5801950114420436
-2.89253798060842,2.637695579151921,-5.530233559760341
-2.8465630566940634,2.60331716010862,-5.449880216802683
-2.8078720424659314,2.5481783317063464,-5.356050374172278
-2.7627418718340575,2.5483785399906944,-5.311120411824752
-2.7252838629989626,2.5330689251905043,-5.258352788189467
2.560981419837443,2.497679293461004,0.06330212637643884
2.554311301447311,2.456201026051666,0.0981102753956451
2.544069562617012,2.4562045985593683,0.08786496405764366
2.535557087529199,2.4400830096600887,0.09547407786911011
2.521299283613879,2.4155683544874273,0.10573092912645166
2.5123461225715817,2.365555411464348,0.14679071110723374
2.4963776837587823,2.3656043564338844,0.13077332732489788
2.483832689235032,2.317223771386195,0.16660891784883702
2.462000929352369,2.316909674830655,0.14509125452171423
2.447225886327737,2.2966442729054815,0.1505816134222555
2.4255824708306037,2.2639254802333615,0.16165699059724226
2.4102046708517206,2.233391146539321,0.17681352431239983
2.3836261800761105,2.1915219570933813,0.19210422298272922
2.362414804298392,2.191427672610018,0.1709871316883742
2.340340220878139,2.173544300382571,0.16679592049556824
2.3229477651693444,2.1499436519110167,0.17300411325832776
2.294883901997343,2.133368969648895,0.16151493234844816
2.2745659935521134,2.0993481801877265,0.1752178133643869
2.2453653797510986,2.0830139421241105,0.16235143762698812
2.223868968436858,2.062530537886463,0.1613384305503951
2.190063425899415,2.0401234685537553,0.1499399573456599
2.170054084879674,2.0121797352766984,0.15787434960297553
2.142669580324038,2.0028370026190054,0.13983257770503243
2.1225097284271692,1.9713472855011684,0.15116244292600078
2.0913757579250305,1.9414442492660355,0.14993150865899496
2.0720797952393415,1.941552293245637,0.13052750199370444
2.047216539366221,1.9277398873700289,0.11947665199619228
2.029949804015101,1.9046791445443911,0.1252706594707098
2.0092198051136863,1.8939051838405094,0.11531462127317682
1.9940635114198577,1.8900198046169183,0.1040437068029394
1.9791993142322637,1.8876578515865612,0.09154146264570251
1.9702187058061968,1.8886976826728432,0.08152102313335363
1.9583790980197795,1.889087714933296,0.06929138308648342
1.9523003864749047,1.8885517612627123,0.06374862521219238
1.9443304243140989,1.88990496895397,0.05442545536012888
1.9404188585374398,1.8842871547226907,0.05613170381474908
1.9348565617916968,1.8841439459450378,0.05071261584665909
1.9322424935546776,1.8877635769698633,0.04447891658481429
1.9299145997597071,1.895178461491428,0.03473613826827915
1.9282750953583336,1.896743918712103,0.03153117664623073
1.9257641635408735,1.9010645279218215,0.024699635619052085
1.925418395082248,1.9026491649090587,0.022769230173189436
1.92527057500496,1.909215641529085,0.016054933475874833
